factor	n_kept	n_lifted	n_unmapped	corr_min	corr_max
dim_0	4784	4783	1	-0.6036902666091919	0.5251939296722412
dim_1	4784	4783	1	-0.6252880692481995	0.5545122623443604
dim_2	4784	4783	1	-0.5455600619316101	0.6218850612640381
dim_3	4784	4783	1	-0.6221447587013245	0.5537710189819336
dim_4	4784	4783	1	-0.5500651597976685	0.623589277267456
dim_5	4784	4783	1	-0.5784037113189697	0.5188130140304565
dim_6	4784	4784	0	-0.45054492354393005	0.2275920957326889
dim_7	4784	4784	0	-0.2509809732437134	0.472230464220047
dim_8	4784	4783	1	-0.44798555970191956	0.538385808467865
dim_9	4784	4783	1	-0.5513954162597656	0.6186931729316711
dim_10	4784	4783	1	-0.5062436461448669	0.5881337523460388
dim_11	4784	4783	1	-0.553779661655426	0.6182499527931213
