annot_dim	source_dim	half
dim_0_pos	dim_0	pos
dim_0_neg	dim_0	neg
dim_1_pos	dim_1	pos
dim_1_neg	dim_1	neg
dim_2_pos	dim_2	pos
dim_2_neg	dim_2	neg
dim_3_pos	dim_3	pos
dim_3_neg	dim_3	neg
dim_4_pos	dim_4	pos
dim_4_neg	dim_4	neg
dim_5_pos	dim_5	pos
dim_5_neg	dim_5	neg
dim_6_pos	dim_6	pos
dim_6_neg	dim_6	neg
dim_7_pos	dim_7	pos
dim_7_neg	dim_7	neg
dim_8_pos	dim_8	pos
dim_8_neg	dim_8	neg
dim_9_pos	dim_9	pos
dim_9_neg	dim_9	neg
dim_10_pos	dim_10	pos
dim_10_neg	dim_10	neg
dim_11_pos	dim_11	pos
dim_11_neg	dim_11	neg
