barcode	dim_0_pos	dim_0_neg	dim_1_pos	dim_1_neg	dim_2_pos	dim_2_neg	dim_3_pos	dim_3_neg	dim_4_pos	dim_4_neg	dim_5_pos	dim_5_neg	dim_6_pos	dim_6_neg	dim_7_pos	dim_7_neg	dim_8_pos	dim_8_neg	dim_9_pos	dim_9_neg	dim_10_pos	dim_10_neg	dim_11_pos	dim_11_neg
AAACTGCAGACTCGGA-1	0.7756623	0.0	1.8523898	0.0	0.0	1.2863183	1.2885001	0.0	0.0	1.8273945	0.33372268	0.0	0.0	0.11407258	0.27895278	0.0	0.0	0.34687808	0.0	1.5040966	0.1467994	0.0	0.0	0.8918929
AAAGATGCACCTATTT-1	0.69464797	0.0	1.6535641	0.0	0.0	1.1828141	1.2189488	0.0	0.0	1.671683	0.34109974	0.0	0.0	0.1403706	0.31251118	0.0	0.0	0.3904832	0.0	1.3979846	0.13424236	0.0	0.0	0.7124698
AAAGATGCAGATACAA-1	0.0	0.057221748	0.0	0.8644097	0.03507142	0.0	0.0	0.4556528	0.764949	0.0	0.0	0.04125438	0.0	0.19131461	0.35328862	0.0	0.024128843	0.0	0.6931633	0.0	0.45172653	0.0	0.79068923	0.0
AAAGGGCTCGCTCTAC-1	0.73611015	0.0	1.8848172	0.0	0.0	1.2598636	1.3357378	0.0	0.0	1.8727121	0.38690785	0.0	0.0	0.110807575	0.30762225	0.0	0.0	0.3612269	0.0	1.5837855	0.11074223	0.0	0.0	0.8862442
AAATGAGAGTCCCGCA-1	0.8093741	0.0	2.0836701	0.0	0.0	1.3648924	1.4826168	0.0	0.0	2.0373468	0.35224253	0.0	0.0	0.12173612	0.24214979	0.0	0.0	0.46277672	0.0	1.8300595	0.09151786	0.0	0.0	1.0592452
AACAAAGCACCCATCT-1	0.64690536	0.0	1.5456855	0.0	0.0	1.116525	1.1289617	0.0	0.0	1.5864564	0.30475742	0.0	0.0	0.06634219	0.21946062	0.0	0.0	0.36517978	0.0	1.306006	0.108547874	0.0	0.0	0.74016637
AACCAACTCAGCCGGT-1	0.21764922	0.0	0.0	0.4610029	0.0	0.19477409	0.0	0.273003	0.28816792	0.0	0.044305608	0.0	0.0	0.24758744	0.4972002	0.0	0.0	0.2902508	0.35369608	0.0	0.30747497	0.0	0.4331061	0.0
AACCGATTCCAGGTCG-1	0.4834551	0.0	0.5533998	0.0	0.0	0.67406803	0.48688287	0.0	0.0	0.70061654	0.24728613	0.0	0.0	0.26847523	0.51462924	0.0	0.0	0.49643883	0.0	0.5192233	0.297706	0.0	0.03504441	0.0
AACCTGAAGTCACGCC-1	0.78775877	0.0	2.0521398	0.0	0.0	1.3612022	1.4719005	0.0	0.0	2.021362	0.38615456	0.0	0.0	0.12953007	0.27076396	0.0	0.0	0.3883002	0.0	1.7572265	0.12387095	0.0	0.0	0.9715889
AACCTGAGTTAGGAGC-1	0.0	0.029892264	0.0	0.92700696	0.0	0.038535014	0.0	0.33819443	0.6286398	0.0	0.0	0.10830417	0.0	0.22778966	0.43745735	0.0	0.0	0.097077265	0.6731718	0.0	0.5353997	0.0	0.61878574	0.0
AACCTTTAGTAGTCGG-1	0.5897381	0.0	0.92002475	0.0	0.0	0.857805	0.7403609	0.0	0.0	1.0209926	0.31424773	0.0	0.0	0.22675201	0.43118975	0.0	0.0	0.42025328	0.0	0.82587045	0.24650273	0.0	0.0	0.24008454
AACCTTTCAGTAGTCT-1	0.4461741	0.0	0.62396073	0.0	0.0	0.88087714	0.6672428	0.0	0.0	0.59273887	0.055738695	0.0	0.0	0.31061643	0.47747946	0.0	0.0	0.48552543	0.0	0.3094818	0.2097232	0.0	0.0	0.0582383
AACCTTTGTAGAACGC-1	0.07292298	0.0	0.0	0.6049923	0.0	0.11250546	0.0	0.268262	0.51435053	0.0	0.007862447	0.0	0.0	0.20591184	0.3705276	0.0	0.0	0.03276968	0.46999058	0.0	0.4231016	0.0	0.64475226	0.0
AACGAGGTCTCATCCG-1	0.7122192	0.0	1.7518547	0.0	0.0	1.1966559	1.2258261	0.0	0.0	1.7594635	0.3248216	0.0	0.0	0.074656814	0.25042185	0.0	0.0	0.35068318	0.0	1.4665816	0.123621546	0.0	0.0	0.80085355
AACGGGACATTCGTCC-1	0.0	0.051141195	0.0	0.6607287	0.0	0.0110399425	0.0	0.33185658	0.6160204	0.0	0.0	0.05264734	0.0	0.11071661	0.29765892	0.0	0.0011693314	0.0	0.40265885	0.0	0.41473728	0.0	0.58546317	0.0
AACGGGAGTTTAGACC-1	0.78302467	0.0	1.9779804	0.0	0.0	1.3258163	1.4032421	0.0	0.0	1.9577975	0.39596272	0.0	0.0	0.14929357	0.28955954	0.0	0.0	0.39668718	0.0	1.6701093	0.11639292	0.0	0.0	0.90023035
AACGGGATCCGGCGAT-1	0.0	0.0053642485	0.0	0.84097004	0.0	0.053621605	0.0	0.34227586	0.5047333	0.0	0.0	0.122012116	0.0	0.04468397	0.1835961	0.0	0.0	0.1815017	0.3621111	0.0	0.4978358	0.0	0.543684	0.0
AACGGGATCCTCAAGA-1	0.76591766	0.0	1.8159411	0.0	0.0	1.2075021	1.1304768	0.0	0.0	1.8987331	0.19490199	0.0	0.0	0.01836295	0.18521656	0.0	0.0	0.34771362	0.0	1.4609766	0.23862457	0.0	0.0	0.9847829
AACGTACCAATCAGGG-1	0.59784913	0.0	1.5678086	0.0	0.0	1.0625951	1.1264219	0.0	0.0	1.5969975	0.32826874	0.0	0.0	0.05061521	0.18438035	0.0	0.0	0.30215985	0.0	1.3276589	0.07883187	0.0	0.0	0.74278975
AACGTACCAATGAAAC-1	0.82412535	0.0	2.0972068	0.0	0.0	1.3822702	1.4914279	0.0	0.0	2.0263236	0.37592602	0.0	0.0	0.13479194	0.32903537	0.0	0.0	0.43403533	0.0	1.784913	0.15453878	0.0	0.0	0.95164007
AACTGGTTCACAGGGA-1	0.0	0.012874717	0.0	0.70541257	0.0	0.0050326437	0.0	0.355759	0.6189509	0.0	0.0	0.06570686	0.0	0.151599	0.30670497	0.0	0.0105607025	0.0	0.51793677	0.0	0.40317553	0.0	0.6887835	0.0
AACTGTGGTACGGAGT-1	0.0	0.03449446	0.0	0.71293753	0.0	0.015183285	0.0	0.3562822	0.6327892	0.0	0.0	0.058437504	0.0	0.12855826	0.3134478	0.0	0.0008204207	0.0	0.49417323	0.0	0.41420397	0.0	0.63358957	0.0
AAGATAGGTAAAGGCC-1	0.7310787	0.0	2.02044	0.0	0.0	1.3157891	1.374931	0.0	0.0	2.0093007	0.38823545	0.0	0.0	0.08430033	0.22900261	0.0	0.0	0.37482688	0.0	1.67835	0.08521543	0.0	0.0	0.97275275
AAGGAGCCAACTGCGC-1	0.68297106	0.0	1.7949854	0.0	0.0	1.2295251	1.2769156	0.0	0.0	1.8109487	0.35935965	0.0	0.0	0.08589328	0.22697657	0.0	0.0	0.3727908	0.0	1.4847907	0.10582487	0.0	0.0	0.8659107
AAGGAGCCATGGTATC-1	0.76912695	0.0	1.8730979	0.0	0.0	1.2739736	1.3687303	0.0	0.0	1.9073085	0.40235665	0.0	0.0	0.15950064	0.3232984	0.0	0.0	0.37748405	0.0	1.5661273	0.085272275	0.0	0.0	0.87824917
AAGGTTCCAATTCGTG-1	0.0	0.010494417	0.0	0.728072	0.22296613	0.0	0.0	0.4646131	0.6383399	0.0	0.04615275	0.0	0.0	0.1824302	0.3393117	0.0	0.0	0.081079036	0.6137398	0.0	0.28378972	0.0	0.6282436	0.0
AATGCCACATAAAGTG-1	0.7896544	0.0	1.8714827	0.0	0.0	1.2508508	1.3613544	0.0	0.0	1.8879662	0.3883319	0.0	0.0	0.118251115	0.2689454	0.0	0.0	0.3532474	0.0	1.54844	0.112735495	0.0	0.0	0.8615045
AATGCCAGTGCGTGTC-1	0.0	0.07062537	0.0	0.84277457	0.0	0.05708324	0.0	0.28521577	0.69529706	0.0	0.0	0.0227962	0.0	0.16744125	0.36481947	0.0	0.0	0.10324469	0.4722886	0.0	0.4176898	0.0	0.8297643	0.0
AATGGAATCTGATCCC-1	0.5989258	0.0	1.6286185	0.0	0.0	1.112157	1.1508646	0.0	0.0	1.6487095	0.2998634	0.0	0.0	0.042027846	0.25591964	0.0	0.0	0.34209663	0.0	1.4047894	0.14395699	0.0	0.0	0.7052826
AATGGCTGTCAGCAAG-1	0.6301683	0.0	0.8221487	0.0	0.0	0.8683554	0.68275577	0.0	0.0	0.91299665	0.33705464	0.0	0.0	0.3194157	0.510469	0.0	0.0	0.5054908	0.0	0.71385133	0.30662632	0.0	0.0	0.14511317
AATGTCGCATCTCTCG-1	0.7530138	0.0	1.8584923	0.0	0.0	1.2254095	1.2836658	0.0	0.0	1.8291851	0.3830242	0.0	0.0	0.07912015	0.26524588	0.0	0.0	0.39282572	0.0	1.6275402	0.1173331	0.0	0.0	0.8851607
AATGTCGGTTTCACCC-1	0.0	0.046462283	0.0	0.68994606	0.04888163	0.0	0.0	0.33879122	0.6104378	0.0	0.0	0.049357295	0.0	0.10874633	0.26977554	0.0	0.0	0.042963058	0.45454943	0.0	0.3332369	0.0	0.5844443	0.0
ACAAACCTCTGGCTAA-1	0.0	0.02231163	0.0	0.80556446	0.021945264	0.0	0.0	0.4260362	0.69902503	0.0	0.0	0.04838156	0.0	0.14693008	0.3388199	0.0	0.013481859	0.0	0.6008801	0.0	0.41197473	0.0	0.7045926	0.0
ACAAGCTAGTCTGCTA-1	0.0	0.008378582	0.0	0.8831439	0.016118594	0.0	0.0	0.45607778	0.79695445	0.0	0.0	0.032865364	0.0	0.23320992	0.3542813	0.0	0.044698913	0.0	0.7034639	0.0	0.46530467	0.0	0.82819	0.0
ACAAGCTCATTTCACT-1	0.03460549	0.0	0.0	0.72215694	0.0	0.06926019	0.0	0.3074189	0.62059736	0.0	0.002070928	0.0	0.0	0.21974416	0.35999224	0.0	0.013316076	0.0	0.60643446	0.0	0.44861543	0.0	0.7077709	0.0
ACAAGCTGTAGAACGC-1	0.8939943	0.0	1.9513348	0.0	0.0	1.3679012	1.2101493	0.0	0.0	1.9322687	0.24369048	0.0	0.0	0.24271974	0.3068167	0.0	0.0	0.48342365	0.0	1.454505	0.044518493	0.0	0.0	0.9000615
ACAAGCTGTCACCCGA-1	0.8026971	0.0	2.1358469	0.0	0.0	1.3534586	1.4879335	0.0	0.0	2.1089692	0.4023671	0.0	0.0	0.13743165	0.2867814	0.0	0.0	0.33331957	0.0	1.8513693	0.12972534	0.0	0.0	0.9385601
ACAAGCTGTCGCTAGC-1	0.0	0.027449487	0.0	0.7630785	0.0	0.025591783	0.0	0.36983758	0.67667663	0.0	0.0	0.030970847	0.0	0.1809313	0.3239284	0.0	0.009704087	0.0	0.57038045	0.0	0.4353498	0.0	0.7171404	0.0
ACAATCGAGAAACGCC-1	0.0	0.09147936	0.0	0.7611574	0.0	0.011244416	0.0	0.4683288	0.6308294	0.0	0.0	0.011764362	0.0	0.18033111	0.2617713	0.0	0.082874045	0.0	0.6180418	0.0	0.49103364	0.0	0.6267578	0.0
ACAATCGTCTCGTAGA-1	0.5762045	0.0	1.4142344	0.0	0.0	0.95937985	0.9778043	0.0	0.0	1.4643217	0.21714199	0.0	0.004228903	0.0	0.23003732	0.0	0.0	0.36213717	0.0	1.2524234	0.09428367	0.0	0.0	0.6338498
ACAGACTTCGCTGATA-1	0.8747456	0.0	2.2658045	0.0	0.0	1.4897535	1.6492285	0.0	0.0	2.202911	0.38926485	0.0	0.0	0.12811583	0.27059773	0.0	0.0	0.4619464	0.0	2.001225	0.11281347	0.0	0.0	1.0626976
ACAGACTTCTATCCTA-1	0.0	0.018778058	0.0	0.6519896	0.0	0.0016402006	0.0	0.32986253	0.57917416	0.0	0.0	0.028355595	0.0	0.11326778	0.2830349	0.0	0.0	0.07223019	0.45963898	0.0	0.36865965	0.0	0.54929847	0.0
ACATGGTTCTGAGTCA-1	0.72714007	0.0	1.7472553	0.0	0.0	1.198196	1.2712096	0.0	0.0	1.7782748	0.3474121	0.0	0.0	0.10607083	0.23328039	0.0	0.0	0.35302076	0.0	1.5133702	0.104049206	0.0	0.0	0.82536966
ACCTGCTAGTTCGTTG-1	0.0	0.048706688	0.0	0.87617946	0.0519832	0.0	0.0	0.44080618	0.76984525	0.0	0.0	0.06303066	0.0	0.18333024	0.3293659	0.0	0.01966096	0.0	0.6433562	0.0	0.45659128	0.0	0.76761293	0.0
ACCTGCTCACTCCCAT-1	0.5912853	0.0	1.5324912	0.0	0.0	0.9827444	1.0043602	0.0	0.0	1.5353438	0.2483524	0.0	0.0	0.009221168	0.19683565	0.0	0.0	0.5550066	0.0	1.4004761	0.0935079	0.0	0.0	0.69271237
ACGGATTCAACTTGGT-1	0.0	0.023348333	0.0	0.6774397	0.0	0.01483877	0.0	0.34541434	0.57289135	0.0	0.0	0.022335887	0.0	0.10247235	0.23909678	0.0	0.0	0.02992809	0.46592835	0.0	0.35079694	0.0	0.5367297	0.0
ACGGATTCATGTAGAA-1	0.24574172	0.0	0.35448766	0.0	0.0	0.5355716	0.29751903	0.0	0.0	0.38987046	0.057969518	0.0	0.0	0.08480417	0.27757788	0.0	0.0	0.2668831	0.0	0.3745134	0.2602249	0.0	0.0	0.016378712
ACTACCCGTCCTCAGG-1	0.0218051	0.0	0.0	0.8126708	0.09692868	0.0	0.0	0.42383748	0.68607384	0.0	0.0	0.007274227	0.0	0.16706327	0.34646904	0.0	0.0	0.061330434	0.55297434	0.0	0.37269825	0.0	0.66963094	0.0
ACTAGGTCACGCGTTG-1	0.0	0.018671466	0.0	0.6988503	0.0	0.0509929	0.0	0.3150555	0.5974098	0.0	0.0	0.024727287	0.0	0.10246267	0.19648331	0.0	0.0	0.014347255	0.4888635	0.0	0.38597018	0.0	0.5596459	0.0
ACTGCGGAGTGAATAC-1	0.73733276	0.0	1.9233661	0.0	0.0	1.2932657	1.3873566	0.0	0.0	1.9077457	0.3672069	0.0	0.0	0.115277454	0.29801506	0.0	0.0	0.33791837	0.0	1.6663117	0.13049856	0.0	0.0	0.86504275
ACTGTCCTCTCTTAAC-1	0.8102836	0.0	1.9917201	0.0	0.0	1.3064193	1.4272804	0.0	0.0	1.9936849	0.41555256	0.0	0.0	0.124997415	0.26931527	0.0	0.0	0.37667274	0.0	1.6994693	0.10029751	0.0	0.0	0.9664491
ACTTTCATCCTAAGTG-1	0.6253048	0.0	1.0586126	0.0	0.0	0.90972	0.86799735	0.0	0.0	1.1117407	0.31123546	0.0	0.0	0.20614396	0.48363936	0.0	0.0	0.35635245	0.0	0.94622016	0.25374767	0.0	0.0	0.27807572
AGACAAACAGTAGTCT-1	0.7783175	0.0	1.8684547	0.0	0.0	1.2537206	1.3391786	0.0	0.0	1.8950951	0.39741644	0.0	0.0	0.12594043	0.24989648	0.0	0.0	0.32901746	0.0	1.6030511	0.15342173	0.0	0.0	0.8828057
AGACAAATCCAGTACA-1	0.0	0.0325957	0.0	0.8105541	0.037115782	0.0	0.0	0.40120158	0.7438171	0.0	0.0	0.09261986	0.0	0.1562661	0.35014904	0.0	0.03216895	0.0	0.58123356	0.0	0.4373912	0.0	0.7639008	0.0
AGATAGAAGTTCGTTG-1	0.7574681	0.0	1.7984076	0.0	0.0	1.233343	1.2882876	0.0	0.0	1.8192525	0.35222375	0.0	0.0	0.13292608	0.2660341	0.0	0.0	0.36360642	0.0	1.5153323	0.095624655	0.0	0.0	0.80450386
AGCCAGCTCGGTACTA-1	0.0	0.053165846	0.0	0.70961356	0.010112643	0.0	0.0	0.31549466	0.63308257	0.0	0.0	0.005956106	0.0	0.12976417	0.25332236	0.0	0.0	0.042862955	0.4533743	0.0	0.35006613	0.0	0.60402834	0.0
AGCCTCTGTGTCCTTC-1	0.0	0.01116634	0.0	0.6666641	0.0	0.031034432	0.0	0.36938903	0.6219732	0.0	0.09381453	0.0	0.0	0.17177656	0.3983225	0.0	0.10264403	0.0	0.52049625	0.0	0.43956038	0.0	0.6009782	0.0
AGCCTGGGTGCTGTGC-1	0.0	0.093930595	0.0	0.7624053	0.04977317	0.0	0.0	0.38516378	0.6492491	0.0	0.0	0.052826796	0.0	0.10313371	0.26539192	0.0	0.0	0.02256808	0.5149033	0.0	0.3644023	0.0	0.6595371	0.0
AGCCTGGTCGGATCGC-1	0.4941924	0.0	0.40742987	0.0	0.0	0.6125329	0.41795895	0.0	0.0	0.5572903	0.24460988	0.0	0.0	0.2686178	0.46025634	0.0	0.0	0.45062813	0.0	0.41414294	0.27564722	0.0	0.032601576	0.0
AGCCTTCGTACTTGAC-1	0.5988675	0.0	2.2237825	0.0	0.0	1.3277041	1.3241895	0.0	0.0	2.3123305	0.64026546	0.0	0.0	0.23952982	0.21009897	0.0	0.0	0.59691983	0.0	1.7361364	0.025043994	0.0	0.0	1.201476
AGCGTATAGTTCAGGG-1	0.0	0.030017646	0.0	0.7107836	0.021933775	0.0	0.0	0.38527793	0.6658332	0.0	0.0	0.08233153	0.0	0.1325309	0.32067886	0.0	0.0	0.026612466	0.48631865	0.0	0.41374677	0.0	0.64612144	0.0
AGCGTATCAGGTCCTG-1	0.71053773	0.0	1.7603229	0.0	0.0	1.1868846	1.2523396	0.0	0.0	1.7389123	0.35837004	0.0	0.0	0.1453172	0.2436987	0.0	0.0	0.34284362	0.0	1.5366269	0.12313348	0.0	0.0	0.81816554
AGCGTGCAGGTGTTGG-1	0.7003648	0.0	2.1652343	0.0	0.0	1.2851397	1.5037647	0.0	0.0	1.9104325	0.32836342	0.0	0.0	0.15983656	0.46488512	0.0	0.0	0.13621996	0.0	1.5238038	0.050042517	0.0	0.0	0.82011676
AGCTATGGTGTCGTCG-1	0.0	0.06841207	0.0	0.7721867	0.0846228	0.0	0.0	0.4064585	0.6941429	0.0	0.0	0.054299094	0.0	0.108073056	0.2597465	0.0	0.0	0.002097316	0.54851806	0.0	0.35412967	0.0	0.62547195	0.0
AGCTGATGTCGAGGAT-1	0.48402712	0.0	0.64659625	0.0	0.0	0.71575713	0.5775195	0.0	0.0	0.75276256	0.23654549	0.0	0.0	0.24842797	0.4871628	0.0	0.0	0.5006454	0.0	0.6336119	0.29758564	0.0	0.0	0.0138672255
AGGACGAGTACCCATA-1	0.6876717	0.0	1.7327574	0.0	0.0	1.1744387	1.2191054	0.0	0.0	1.7762971	0.3117201	0.0	0.0	0.05141878	0.26082772	0.0	0.0	0.3716121	0.0	1.5181006	0.12821794	0.0	0.0	0.7895818
AGGCCCACAGTGGTCC-1	0.46587276	0.0	1.6071239	0.0	0.0	0.97781354	1.0951028	0.0	0.0	1.7431998	0.44132257	0.0	0.09965518	0.0	0.30615607	0.0	0.0	0.13019966	0.0	1.4319018	0.22298491	0.0	0.0	0.8471269
AGGCCTGAGTCGACCC-1	0.70284754	0.0	1.5613884	0.0	0.0	1.1203005	1.2669953	0.0	0.0	1.6353436	0.5814172	0.0	0.0	0.4095326	0.2868177	0.0	0.0	0.11112999	0.0	1.2595664	0.15671265	0.0	0.0	0.53110135
AGGCCTGGTAACGGAC-1	0.0	0.022745786	0.0	0.6690281	0.00916047	0.0	0.0	0.34229058	0.5672404	0.0	0.0	0.028694728	0.0	0.075101316	0.224008	0.0	0.0	0.055909842	0.45992672	0.0	0.32079655	0.0	0.51923555	0.0
AGGCCTGGTAGACGCA-1	0.6247571	0.0	1.5117438	0.0	0.0	1.0875784	1.0973029	0.0	0.0	1.4902948	0.24025191	0.0	0.0	0.1071974	0.25918853	0.0	0.0	0.338282	0.0	1.2724231	0.17240503	0.0	0.0	0.6600482
AGGCCTGTCTTAATCC-1	0.8546909	0.0	2.1627169	0.0	0.0	1.3470501	1.6024526	0.0	0.0	2.1852071	0.34499547	0.0	0.0	0.04691133	0.39976338	0.0	0.0	0.3160009	0.0	1.7630206	0.0	0.05533597	0.0	0.9828394
AGGCGAATCGATTACG-1	0.12746571	0.0	0.0	0.80803114	0.16135985	0.0	0.0	0.46224532	0.7526518	0.0	0.044447154	0.0	0.0	0.21965475	0.2919852	0.0	0.0	0.06972686	0.6231123	0.0	0.34285128	0.0	0.8290202	0.0
AGTCAACAGTTGGAAT-1	0.025825443	0.0	0.0	0.7143726	0.0	0.05820433	0.0	0.19262157	0.63931894	0.0	0.017381562	0.0	0.0	0.19791344	0.35976878	0.0	0.034089047	0.0	0.44196218	0.0	0.4241711	0.0	0.58881617	0.0
AGTCCGGAGTATACGA-1	0.686903	0.0	1.8683276	0.0	0.0	1.2133344	1.3054295	0.0	0.0	1.8476958	0.36950484	0.0	0.0	0.0542901	0.1455329	0.0	0.0	0.27575874	0.0	1.5907676	0.08129087	0.0	0.0	0.9205879
AGTGCCGCACAGATGG-1	0.10343221	0.0	0.0	0.6722267	0.016965374	0.0	0.0	0.41319197	0.62493396	0.0	0.0	0.11547858	0.0	0.117766105	0.24084446	0.0	0.0	0.10895602	0.52782345	0.0	0.32649416	0.0	0.6205032	0.0
AGTGTACCATAGCAGG-1	0.7832224	0.0	1.9896721	0.0	0.0	1.3171424	1.4033737	0.0	0.0	1.962028	0.38984522	0.0	0.0	0.13542566	0.26023555	0.0	0.0	0.39161062	0.0	1.6625054	0.10421315	0.0	0.0	0.9282437
AGTTACGCATGGTATC-1	0.69747645	0.0	1.8671468	0.0	0.0	1.2444752	1.3449779	0.0	0.0	1.9161716	0.38511795	0.0	0.0	0.07799439	0.31459823	0.0	0.0	0.37969327	0.0	1.6649379	0.1369133	0.0	0.0	0.91145223
ATAGGCTTCTATACCT-1	0.53226346	0.0	1.5207707	0.0	0.0	1.0510792	1.0707704	0.0	0.0	1.5912019	0.2410341	0.0	0.0	0.021792587	0.24156189	0.0	0.0	0.33284155	0.0	1.3370262	0.18147689	0.0	0.0	0.65362173
ATCCAGAGTCAGCTTA-1	0.0	0.021812676	0.0	0.74231786	0.0	0.041429788	0.0	0.3552541	0.6690186	0.0	0.0	0.03594749	0.0	0.17976023	0.32629684	0.0	0.006491121	0.0	0.5600151	0.0	0.43361327	0.0	0.71455425	0.0
ATCCCTGGTATATGGA-1	0.7769477	0.0	2.1412945	0.0	0.0	1.4633816	1.4722693	0.0	0.0	1.9439179	0.42324585	0.0	0.0	0.032186594	0.10760009	0.0	0.0	0.5235727	0.0	2.1088538	0.16647708	0.0	0.0	0.96943575
ATCCCTGTCGTGCTTC-1	0.0	0.03929998	0.0	0.8539528	0.04679831	0.0	0.0	0.42958564	0.81270695	0.0	0.0	0.061962597	0.0	0.18371217	0.3711927	0.0	0.047414523	0.0	0.63905627	0.0	0.4562507	0.0	0.74805427	0.0
ATCCTCGCAATAGCGG-1	0.0	0.029961633	0.0	0.69549143	0.026064027	0.0	0.0	0.32407227	0.61347306	0.0	0.0	0.06868426	0.0	0.14619246	0.28536758	0.0	0.0	0.011912551	0.4534354	0.0	0.38951877	0.0	0.62269855	0.0
ATCCTGCAGGTTGACG-1	0.015365151	0.0	0.0	0.74870193	0.053713966	0.0	0.0	0.38114092	0.6629495	0.0	0.0	0.023128629	0.0	0.15801246	0.3250143	0.0	0.0	0.080850735	0.50855076	0.0	0.36653405	0.0	0.6346099	0.0
ATCCTGCCAGCCACGT-1	0.0	0.058330208	0.0	0.6965825	0.01260332	0.0	0.0	0.38407108	0.6430228	0.0	0.0	0.06539888	0.0	0.092171796	0.28598192	0.0	0.0	0.001991313	0.50364715	0.0	0.39257935	0.0	0.59493166	0.0
ATCCTGCTCTTCTTCC-1	0.0	0.0013617892	0.0	0.8061411	0.0	0.028537452	0.0	0.42156386	0.7199543	0.0	0.0	0.040591735	0.0	0.18343262	0.3906762	0.0	0.05143811	0.0	0.6357407	0.0	0.48799497	0.0	0.8323614	0.0
ATGTACGAGTCCTTCC-1	0.0	0.03264603	0.0	0.8010613	0.024462327	0.0	0.0	0.4700519	0.69381225	0.0	0.04315278	0.0	0.0	0.04421817	0.23320657	0.0	0.046896297	0.0	0.6311345	0.0	0.4134117	0.0	0.63552237	0.0
ATGTACGTCAATTCCT-1	0.010026136	0.0	0.0	0.7609617	0.024440616	0.0	0.0	0.3704385	0.66594404	0.0	0.0	0.046494074	0.0	0.14730142	0.31802714	0.0	0.0	0.043963023	0.50291204	0.0	0.43711907	0.0	0.6553559	0.0
ATGTCGAGTACGACCC-1	0.0	0.0125586	0.0	0.74786454	0.0	0.046541296	0.0	0.32561177	0.6424773	0.0	0.0	0.0017909277	0.0	0.20034507	0.30255264	0.0	0.0	0.016278114	0.54451585	0.0	0.42252183	0.0	0.7264602	0.0
ATGTTTCAGCACCATT-1	0.5823508	0.0	1.5338436	0.0	0.0	1.0569917	1.055494	0.0	0.0	1.6021225	0.24379043	0.0	0.0	0.020373102	0.17183927	0.0	0.0	0.3513007	0.0	1.2970822	0.07135026	0.0	0.0	0.67990774
ATTACCTAGTCGGGAT-1	0.0	0.05620542	0.0	0.7947791	0.080067575	0.0	0.0	0.41445437	0.70950085	0.0	0.0	0.05145739	0.0	0.1266594	0.28445846	0.0	0.0	0.07627678	0.5159844	0.0	0.38131222	0.0	0.69529396	0.0
ATTCGTTCAGTTACAC-1	0.0	0.019461269	0.0	0.7632464	0.04526276	0.0	0.0	0.35572025	0.6071371	0.0	0.0	0.015653867	0.0	0.17342028	0.27936062	0.0	0.0	0.031199927	0.45047113	0.0	0.37569287	0.0	0.6147924	0.0
ATTGTCTAGTGATTAG-1	0.05361431	0.0	0.0	0.7014955	0.0	0.118294545	0.0	0.30287394	0.5787952	0.0	0.033405237	0.0	0.0	0.22149673	0.40252054	0.0	0.0	0.015136763	0.55272764	0.0	0.47831908	0.0	0.7351256	0.0
ATTGTCTGTACTTCAG-1	0.0	0.04320591	0.0	0.7023886	0.059788454	0.0	0.0	0.36850107	0.58541244	0.0	0.0	0.044425458	0.0	0.113017306	0.26812324	0.0	0.0	0.047908843	0.4325097	0.0	0.3384823	0.0	0.61533874	0.0
CAAAGCTAGGAAGGTA-1	0.0	0.032096088	0.0	0.76866424	0.018116605	0.0	0.0	0.3799318	0.7072796	0.0	0.0	0.06406904	0.0	0.15576302	0.29733458	0.0	0.04279582	0.0	0.55473447	0.0	0.42621586	0.0	0.7010122	0.0
CAACCAAAGTGAGTTA-1	0.7119337	0.0	1.8729788	0.0	0.0	1.2674611	1.3080053	0.0	0.0	1.8719037	0.34365788	0.0	0.0	0.08320062	0.3109282	0.0	0.0	0.42631173	0.0	1.5507724	0.11603562	0.0	0.0	0.8719883
CAACCAACATCCCGGA-1	0.3717622	0.0	0.6331752	0.0	0.0	0.66465783	0.43941656	0.0	0.0	0.83306944	0.21978451	0.0	0.0	0.103269815	0.2840123	0.0	0.0	0.3075602	0.0	0.5326568	0.25643313	0.0	0.0	0.13016091
CAACCAATCCGGGCAT-1	0.7445999	0.0	1.886281	0.0	0.0	1.2734116	1.3402843	0.0	0.0	1.8965518	0.34646985	0.0	0.0	0.08010839	0.23314536	0.0	0.0	0.3543626	0.0	1.5751793	0.100365624	0.0	0.0	0.9182556
CAACGTAAGTGGTGTG-1	0.0	0.04704731	0.0	0.7502164	0.0498057	0.0	0.0	0.35611382	0.6445704	0.0	0.0	0.028490042	0.0	0.18379514	0.29855034	0.0	0.0	0.0269395	0.4839473	0.0	0.38293678	0.0	0.6166711	0.0
CAAGAAAAGGGTAGTC-1	0.60671103	0.0	1.8977543	0.0	0.0	1.0977153	1.481395	0.0	0.0	2.3021233	0.52591157	0.0	0.0	0.00959832	0.14551719	0.0	0.0	0.29751423	0.0	1.8326315	0.0	0.3981644	0.0	0.8523948
CAAGCTATCCCAATGA-1	0.0	0.12881494	0.0	0.78396153	0.20940036	0.0	0.0	0.44391087	0.45199642	0.0	0.0	0.056957833	0.0	0.11298046	0.39575958	0.0	0.0	0.15379567	0.467049	0.0	0.35628536	0.0	0.75430316	0.0
CAAGGCCAGTTAGCAA-1	0.0	0.019459235	0.0	0.7419123	0.031388823	0.0	0.0	0.3692909	0.6665782	0.0	0.0	0.055802785	0.0	0.14612044	0.29581276	0.0	0.0	0.01868014	0.50975853	0.0	0.39741302	0.0	0.6556704	0.0
CAAGGCCTCTCTGCAC-1	0.5588562	0.0	0.50840193	0.0	0.0	0.68936336	0.48913872	0.0	0.0	0.6405924	0.26673844	0.0	0.0	0.34417248	0.4684914	0.0	0.0	0.4885736	0.0	0.4239391	0.28347486	0.0	0.0283649	0.0
CAATCCCAGACAGCTG-1	0.039942253	0.0	0.0	0.64097124	0.0	0.1036574	0.0	0.28397217	0.54257077	0.0	0.013511414	0.0	0.0	0.18758965	0.3562478	0.0	0.0	0.038098995	0.48113927	0.0	0.41593254	0.0	0.6541452	0.0
CAATCCCGTATTCTGG-1	0.5477689	0.0	1.2994708	0.0	0.0	0.941636	0.90082633	0.0	0.0	1.3252856	0.2277395	0.0	0.0	0.053541675	0.2625466	0.0	0.0	0.31076238	0.0	1.0657198	0.15004595	0.0	0.0	0.5523217
CACAACAGTGAGGTCA-1	0.78595173	0.0	2.1149502	0.0	0.0	1.3741504	1.4621539	0.0	0.0	2.1422133	0.40657097	0.0	0.0	0.0625488	0.23174278	0.0	0.0	0.37430957	0.0	1.7898111	0.0810108	0.0	0.0	1.0415579
CACAACATCCTGTAGA-1	0.0	0.049791664	0.0	0.91246504	0.0737719	0.0	0.0	0.46113965	0.82905525	0.0	0.0	0.062100396	0.0	0.18657073	0.3656005	0.0	0.07152195	0.0	0.70121694	0.0	0.4570707	0.0	0.84075963	0.0
CACAACATCTTCACTA-1	0.44214785	0.0	0.4851451	0.0	0.0	0.74114484	0.3954442	0.0	0.0	0.6273748	0.31905344	0.0	0.0	0.31022888	0.5049929	0.0	0.0	0.56891024	0.0	0.44102472	0.32753214	0.0	0.059302937	0.0
CACAGATCACAGTTAC-1	0.57149136	0.0	0.67170346	0.0	0.0	0.8079003	0.5824302	0.0	0.0	0.8029064	0.2897152	0.0	0.0	0.30775547	0.5016781	0.0	0.0	0.57988703	0.0	0.62369156	0.33613008	0.0	0.0	0.03454824
CACCTGTGTCATCAAC-1	0.63685405	0.0	1.7856882	0.0	0.0	1.1921847	1.2760715	0.0	0.0	1.8043692	0.41743168	0.0	0.0	0.109866224	0.305214	0.0	0.0	0.39337876	0.0	1.6389592	0.1753473	0.0	0.0	0.78293836
CACCTGTTCAGTGTGT-1	0.8406167	0.0	1.9615335	0.0	0.0	1.3126491	1.5410703	0.0	0.0	2.0966458	0.22198442	0.0	0.0	0.16949916	0.5044585	0.0	0.0	0.24884506	0.0	1.5029936	0.0	0.120107	0.0	0.726114
CACGTTCTCTCATATC-1	0.0	0.1549907	0.0	0.60844684	0.0	0.025789566	0.0	0.32126614	0.47856197	0.0	0.0	0.1392474	0.0	0.14745633	0.33435103	0.0	0.0	0.18661785	0.3770764	0.0	0.36714944	0.0	0.53231734	0.0
CACTAAGGTTTAGAAG-1	0.0	0.032067664	0.0	0.67887807	0.08068538	0.0	0.0	0.31051317	0.6914039	0.0	0.0	0.13323388	0.0	0.1400556	0.17692578	0.0	0.0	0.16570799	0.3423818	0.0	0.3560588	0.0	0.5353746	0.0
CACTGAAAGCGTTGCC-1	0.0	0.18923682	0.0	0.80501586	0.0	0.047139846	0.0	0.2663016	0.690456	0.0	0.0	0.21599746	0.0	0.12996963	0.25648847	0.0	0.0	0.13377814	0.45699173	0.0	0.5200948	0.0	0.72142434	0.0
CAGCTAAGTCTGATTG-1	0.5686993	0.0	1.3442056	0.0	0.0	0.98320466	0.96894634	0.0	0.0	1.387525	0.29336035	0.0	0.0	0.09386301	0.23223819	0.0	0.0	0.30284527	0.0	1.1580057	0.1468585	0.0	0.0	0.56478626
CAGCTAAGTGTCCCAG-1	0.75205535	0.0	1.9086677	0.0	0.0	1.2781142	1.3641074	0.0	0.0	1.8909172	0.32193673	0.0	0.0	0.072888	0.28136948	0.0	0.0	0.40247533	0.0	1.6439857	0.15265924	0.0	0.0	0.9063366
CAGCTGGCAACGTCCG-1	0.0	0.009833334	0.0	0.76744854	0.05670414	0.0	0.0	0.35911146	0.6238139	0.0	0.0	0.004647458	0.0	0.13270748	0.31640655	0.0	0.0	0.027278936	0.5266979	0.0	0.35298812	0.0	0.66542065	0.0
CAGCTGGCAGTAGTTC-1	0.08075886	0.0	0.0	0.680556	0.0	0.07517848	0.0	0.31084523	0.5937905	0.0	0.0	0.0477603	0.0	0.21117593	0.36317945	0.0	0.0	0.09854742	0.49334753	0.0	0.43544382	0.0	0.63893056	0.0
CAGGGCTTCCATTGAG-1	0.7254971	0.0	1.7088176	0.0	0.0	1.2004658	1.2235433	0.0	0.0	1.7328875	0.33877644	0.0	0.0	0.14187974	0.29315335	0.0	0.0	0.34818235	0.0	1.4602159	0.15589395	0.0	0.0	0.7428133
CAGTGCGCAACATAAG-1	0.0	0.030081099	0.0	0.69834214	0.02094172	0.0	0.0	0.32240376	0.61645156	0.0	0.0	0.042509932	0.0	0.13213673	0.2745815	0.0	0.0	0.04826188	0.44469342	0.0	0.35750157	0.0	0.6166422	0.0
CAGTGCGCATCCATAG-1	0.7092218	0.0	1.775541	0.0	0.0	1.1769799	1.2563902	0.0	0.0	1.822376	0.3573907	0.0	0.0	0.05806231	0.21828733	0.0	0.0	0.37193337	0.0	1.5117395	0.08728804	0.0	0.0	0.8565675
CAGTGCGTCCACGAGC-1	0.7590085	0.0	1.7991463	0.0	0.0	1.255818	1.3221465	0.0	0.0	1.8255382	0.42133757	0.0	0.0	0.15464672	0.3159422	0.0	0.0	0.36079115	0.0	1.4793117	0.10352345	0.0	0.0	0.77604926
CAGTGTATCACGTCAA-1	0.7193778	0.0	1.9162837	0.0	0.0	1.2759323	1.3579264	0.0	0.0	1.9244796	0.38777217	0.0	0.0	0.13670447	0.28777313	0.0	0.0	0.41210246	0.0	1.6874964	0.123925045	0.0	0.0	0.86687684
CATAACGCAACCTCTC-1	0.66711974	0.0	1.8769232	0.0	0.0	1.2308037	1.3016815	0.0	0.0	1.9070201	0.3613557	0.0	0.0	0.08062417	0.2133041	0.0	0.0	0.384561	0.0	1.6040161	0.073775165	0.0	0.0	0.8992667
CATAACGCACCTCGTT-1	0.7529486	0.0	1.9663392	0.0	0.0	1.3200369	1.3839985	0.0	0.0	1.9324036	0.37921712	0.0	0.0	0.12385602	0.31566334	0.0	0.0	0.37256947	0.0	1.598685	0.112898834	0.0	0.0	0.89521617
CATAACGTCTATCTCA-1	0.0	0.026876124	0.0	0.74912137	0.059574924	0.0	0.0	0.3850941	0.63813704	0.0	0.0	0.044965796	0.0	0.1265052	0.3207084	0.0	0.0	0.06401642	0.4913253	0.0	0.37228987	0.0	0.6469124	0.0
CATGTTTTCGCAAACT-1	0.0	0.05353962	0.0	0.812746	0.06525471	0.0	0.0	0.39108792	0.7050572	0.0	0.0	0.0036364663	0.0	0.13976927	0.28704777	0.0	0.0	0.025534535	0.5326612	0.0	0.39335495	0.0	0.66460335	0.0
CATTCATGTGAATGTA-1	0.651704	0.0	1.67515	0.0	0.0	1.1248988	1.181992	0.0	0.0	1.6860404	0.3186684	0.0	0.0	0.08385182	0.20839405	0.0	0.0	0.3784192	0.0	1.4444082	0.09465478	0.0	0.0	0.7738963
CATTGGAGTAACGGCA-1	0.0	0.084894314	0.0	0.81400925	0.045676388	0.0	0.0	0.43710423	0.7334808	0.0	0.0	0.09984526	0.0	0.095925085	0.2656142	0.0	0.02715673	0.0	0.5652288	0.0	0.42801207	0.0	0.6982422	0.0
CCAATGAAGATATGTG-1	0.8383481	0.0	2.1516082	0.0	0.0	1.350481	1.5428326	0.0	0.0	2.2204468	0.6747386	0.0	0.0	0.20627123	0.29969352	0.0	0.0	0.4735411	0.0	1.9620886	0.0	0.10181866	0.0	0.8787911
CCACAGGCAAGGTTCT-1	0.7115861	0.0	2.0261118	0.0	0.0	1.299334	1.4270066	0.0	0.0	1.9703981	0.36026666	0.0	0.0	0.05595947	0.18320248	0.0	0.0	0.38927138	0.0	1.7483755	0.06307261	0.0	0.0	1.0411546
CCACGTTGTCTCTGCT-1	0.7317466	0.0	1.8145951	0.0	0.0	1.2170173	1.3136792	0.0	0.0	1.870363	0.34363028	0.0	0.0	0.10153791	0.31802985	0.0	0.0	0.4091998	0.0	1.5250903	0.0842905	0.0	0.0	0.8168895
CCACGTTTCGCGCCAA-1	0.0	0.015688343	0.0	0.83352643	0.06028639	0.0	0.0	0.42111996	0.74811983	0.0	0.0	0.0524038	0.0	0.14029378	0.29199988	0.0	0.0	0.00605556	0.57522684	0.0	0.38335732	0.0	0.71770537	0.0
CCAGAATAGATTCCGT-1	0.05492565	0.0	0.0	1.0761794	0.29784822	0.0	0.0	0.5321747	0.8612122	0.0	0.16644782	0.0	0.0	0.18788138	0.4995302	0.0	0.0	0.2172349	0.860834	0.0	0.3321925	0.0	0.90986437	0.0
CCAGATAGTTACGCTA-1	0.037589453	0.0	0.0	0.8063053	0.0	0.085591786	0.0	0.39254606	0.79287696	0.0	0.0	0.11688469	0.0	0.092560254	0.4246834	0.0	0.11530261	0.0	0.50732493	0.0	0.5059319	0.0	0.7710915	0.0
CCAGATATCTACCCGT-1	0.7363565	0.0	1.9219726	0.0	0.0	1.2770241	1.3694295	0.0	0.0	1.9176472	0.38295215	0.0	0.0	0.10482027	0.2571686	0.0	0.0	0.38827816	0.0	1.6169655	0.08710572	0.0	0.0	0.89891446
CCATACCCACAGCTTA-1	0.6548079	0.0	0.8620715	0.0	0.0	0.87097013	0.72648966	0.0	0.0	0.9530374	0.3944602	0.0	0.0	0.30100155	0.4965014	0.0	0.0	0.4628799	0.0	0.78078264	0.2985916	0.0	0.0	0.19840755
CCCACATTCGTCGCAG-1	0.0	0.032086402	0.0	0.7576546	0.026041232	0.0	0.0	0.37872505	0.6788924	0.0	0.0	0.05672156	0.0	0.13797188	0.25740108	0.0	0.0	0.011926211	0.50990355	0.0	0.4025541	0.0	0.6530279	0.0
CCCTAACAGGTCTTTG-1	0.0	0.035803117	0.0	0.7425242	0.030285139	0.0	0.0	0.3848051	0.64694947	0.0	0.0	0.06799351	0.0	0.10252946	0.27565932	0.0	0.0	0.07241995	0.4833226	0.0	0.36410308	0.0	0.6145164	0.0
CCCTAACTCACGATTG-1	0.0	0.02936376	0.0	0.90013963	0.19014429	0.0	0.0	0.28695378	0.69641364	0.0	0.18314964	0.0	0.0	0.19044673	0.18752515	0.0	0.0	0.013378851	0.5123439	0.0	0.27195433	0.0	0.599765	0.0
CCCTCTCAGGAAGGTA-1	0.8020823	0.0	1.9722555	0.0	0.0	1.3133358	1.402132	0.0	0.0	2.0019474	0.38572606	0.0	0.0	0.14494449	0.25406137	0.0	0.0	0.46101347	0.0	1.6617485	0.047735974	0.0	0.0	0.9861793
CCCTCTCGTACGTAAA-1	0.46922773	0.0	1.1113473	0.0	0.0	0.86058044	0.7703701	0.0	0.0	1.0732433	0.2183276	0.0	0.0	0.13504921	0.19466324	0.0	0.0	0.40336117	0.0	0.9776081	0.021683544	0.0	0.0	0.34102452
CCCTGATCATTCTTTG-1	0.0	0.0058791265	0.0	0.7424034	0.0	0.022549316	0.0	0.373134	0.659575	0.0	0.0	0.028093092	0.0	0.1842984	0.34650883	0.0	0.0	0.0025742203	0.5403103	0.0	0.43714076	0.0	0.70721066	0.0
CCGCATTAGTTCGTTG-1	0.0	0.032127023	0.0	0.7638942	0.016605295	0.0	0.0	0.3839532	0.6790194	0.0	0.0	0.05462143	0.0	0.14384755	0.3016326	0.0	0.0028854236	0.0	0.53553015	0.0	0.40740243	0.0	0.6768932	0.0
CCGCATTGTGCACTTA-1	0.0	0.044909745	0.0	0.6957778	0.035496764	0.0	0.0	0.33816913	0.5999183	0.0	0.0	0.07050448	0.0	0.101774976	0.2356725	0.0	0.0	0.064908095	0.44538605	0.0	0.32951552	0.0	0.6072495	0.0
CCGTAGGAGTCAGCCC-1	0.7297822	0.0	1.8050462	0.0	0.0	1.2391587	1.3197103	0.0	0.0	1.8423297	0.363592	0.0	0.0	0.10156122	0.2734022	0.0	0.0	0.41206568	0.0	1.5870001	0.118489176	0.0	0.0	0.8047807
CCGTGAGAGGGTCTGA-1	0.0	0.09628721	0.0	0.8722631	0.06629306	0.0	0.0	0.44746462	0.7713394	0.0	0.0	0.09945935	0.0	0.11341874	0.33510754	0.0	0.04974505	0.0	0.6236507	0.0	0.43044022	0.0	0.7533555	0.0
CCTATTACACTTACAG-1	0.5637199	0.0	0.6227796	0.0	0.0	0.7689146	0.55078804	0.0	0.0	0.77672786	0.26391855	0.0	0.0	0.29041946	0.45831314	0.0	0.0	0.49951166	0.0	0.5726838	0.33638534	0.0	0.0	0.09099007
CCTCCCTCAAACTACC-1	0.0	0.025216052	0.0	0.7836798	0.048835747	0.0	0.0	0.405759	0.68884933	0.0	0.0	0.0607725	0.0	0.15586567	0.26702887	0.0	0.0	0.053960815	0.565667	0.0	0.38294896	0.0	0.65112585	0.0
CCTCCCTCAATGGTCT-1	0.69933254	0.0	1.7950835	0.0	0.0	1.1904969	1.2753328	0.0	0.0	1.8119758	0.34016073	0.0	0.0	0.10675235	0.21990599	0.0	0.0	0.33386427	0.0	1.513629	0.06305671	0.0	0.0	0.82531965
CCTCCCTCAGGCAGAT-1	0.7525217	0.0	1.9307234	0.0	0.0	1.2811133	1.330116	0.0	0.0	1.9610021	0.33009925	0.0	0.0	0.07971174	0.23511478	0.0	0.0	0.48720068	0.0	1.6284106	0.08558165	0.0	0.0	0.8941048
CCTGGGATCTCGACAA-1	0.0	0.047044516	0.0	0.73431194	0.0463897	0.0	0.0	0.38253173	0.63867885	0.0	0.0	0.05488386	0.0	0.13545217	0.32853565	0.0	0.0	0.055432163	0.48108697	0.0	0.38581103	0.0	0.64193624	0.0
CCTTGCATCTGGCACG-1	0.715089	0.0	1.8233132	0.0	0.0	0.9572943	1.1830016	0.0	0.0	2.014377	0.39677364	0.0	0.0	0.2504744	0.29495844	0.0	0.0	0.30241743	0.0	1.4082179	0.0	0.17742503	0.0	0.79762894
CCTTGGTTCTCTTCCT-1	0.72564274	0.0	1.7526782	0.0	0.0	1.225722	1.2337601	0.0	0.0	1.7370437	0.32229224	0.0	0.0	0.10451249	0.27502376	0.0	0.0	0.39222553	0.0	1.4509034	0.12118667	0.0	0.0	0.81783354
CGAGTTAGTATCGCGC-1	0.6630089	0.0	1.6323887	0.0	0.0	1.1132578	1.1739147	0.0	0.0	1.6740433	0.36356628	0.0	0.0	0.09560327	0.30739358	0.0	0.0	0.26111323	0.0	1.3617629	0.12672883	0.0	0.0	0.7174017
CGAGTTATCAAGTTGC-1	0.0	0.13662013	0.0	0.8404698	0.0	0.06049805	0.0	0.46802917	0.7071099	0.0	0.0	0.24797317	0.0	0.08350951	0.30205265	0.0	0.085479796	0.0	0.45253074	0.0	0.583715	0.0	0.57340425	0.0
CGATGATCAGTCAGCC-1	0.8016236	0.0	1.9647624	0.0	0.0	1.2910494	1.4121273	0.0	0.0	1.9631896	0.38702846	0.0	0.0	0.119432494	0.2920634	0.0	0.0	0.42650548	0.0	1.6887889	0.081011444	0.0	0.0	0.9366078
CGCAGGTGTGGAAAGA-1	0.7651885	0.0	1.8671213	0.0	0.0	1.2877548	1.3384315	0.0	0.0	1.8552179	0.40456313	0.0	0.0	0.14584626	0.3199991	0.0	0.0	0.3462299	0.0	1.5784458	0.14852308	0.0	0.0	0.89903194
CGCGCAAGTTGGTAAA-1	0.03463629	0.0	0.0	0.5291273	0.0	0.08565534	0.0	0.19893374	0.47951505	0.0	0.0	0.04354252	0.0	0.13545796	0.24272425	0.0	0.037123594	0.0	0.3661898	0.0	0.37395114	0.0	0.49041057	0.0
CGCTAGGAGCAATAAC-1	0.0	0.022678507	0.0	0.70431054	0.1685763	0.0	0.0	0.40005726	0.62102216	0.0	0.0	0.04494079	0.0	0.18184769	0.27935043	0.0	0.0	0.18255499	0.2558916	0.0	0.23227438	0.0	0.46016508	0.0
CGCTAGGGTTCTGAGT-1	0.0	0.033117466	0.0	0.70479184	0.04422795	0.0	0.0	0.37279424	0.59484017	0.0	0.0	0.024641728	0.0	0.12291129	0.28955713	0.0	0.0	0.06912541	0.45349097	0.0	0.33461288	0.0	0.61609674	0.0
CGCTATCAGTAGTTCC-1	0.76944995	0.0	1.8547664	0.0	0.0	1.2565383	1.3127813	0.0	0.0	1.8351355	0.35361865	0.0	0.0	0.0887676	0.27380538	0.0	0.0	0.34416014	0.0	1.51223	0.09794012	0.0	0.0	0.80232257
CGCTATCAGTGATAAC-1	0.76183707	0.0	1.9964299	0.0	0.0	1.3034227	1.4101813	0.0	0.0	2.0223618	0.39760962	0.0	0.0	0.10043942	0.28277516	0.0	0.0	0.4009483	0.0	1.7137612	0.1365231	0.0	0.0	0.9062041
CGGACCAAGGAAGGTA-1	0.82560694	0.0	2.0321677	0.0	0.0	1.3317009	1.4855689	0.0	0.0	2.0286126	0.3940388	0.0	0.0	0.15553463	0.3038794	0.0	0.0	0.3915075	0.0	1.6860931	0.081341326	0.0	0.0	0.98832816
CGGACCACACAAGTGG-1	0.78945833	0.0	2.1608007	0.0	0.0	1.3914802	1.543979	0.0	0.0	2.1271307	0.40315676	0.0	0.0	0.12428671	0.26020423	0.0	0.0	0.45887277	0.0	1.866377	0.042836193	0.0	0.0	1.0159894
CGGACTGCACAAGGGT-1	0.0	0.021213269	0.0	0.63190407	0.0	0.05361169	0.0	0.5823703	0.5044147	0.0	0.16657725	0.0	0.0	0.22850409	0.4181388	0.0	0.14259173	0.0	0.39224654	0.0	0.5704587	0.0	0.6339668	0.0
CGGACTGGTATATGGA-1	0.788691	0.0	1.7195219	0.0	0.0	1.1827825	1.4308963	0.0	0.0	1.6229618	0.50865424	0.0	0.0	0.2887029	0.29571354	0.0	0.0	0.5672988	0.0	1.3614632	0.0	0.20240983	0.0	0.7243738
CGGACTGTCGCAAACT-1	0.0	0.24230227	0.0	0.6538593	0.0	0.14064476	0.0	0.36971352	0.5827529	0.0	0.0	0.13384385	0.0	0.16828729	0.23333944	0.0	0.0	0.15049253	0.5321182	0.0	0.47988215	0.0	0.836242	0.0
CGTAAACCATCCCAAA-1	0.76338685	0.0	1.9006038	0.0	0.0	1.2979935	1.3558332	0.0	0.0	1.8872893	0.32791576	0.0	0.0	0.12197741	0.29708126	0.0	0.0	0.31114548	0.0	1.5719378	0.14547595	0.0	0.0	0.7836386
CGTAAACTCACTAGCA-1	0.058075026	0.0	0.0	0.673841	0.0	0.12600067	0.0	0.26342744	0.54862607	0.0	0.0	0.016010545	0.0	0.23110321	0.38225433	0.0	0.0	0.039033987	0.5264575	0.0	0.4269303	0.0	0.69831806	0.0
CGTACAAAGCAGAAAG-1	0.6674053	0.0	0.70925117	0.0	0.0	0.8536334	0.60736525	0.0	0.0	0.8795387	0.31832662	0.0	0.0	0.3450604	0.51579195	0.0	0.0	0.55345446	0.0	0.5722801	0.30636325	0.0	0.0	0.07431258
CGTACAAGTCAAACAA-1	0.0	0.014529938	0.0	0.6597816	0.018441457	0.0	0.0	0.31991836	0.55790746	0.0	0.0	0.025629565	0.0	0.14114149	0.2961374	0.0	0.0	0.062189605	0.4186215	0.0	0.34663624	0.0	0.5924926	0.0
CGTACAATCACGGGTC-1	0.64373606	0.0	1.664759	0.0	0.0	1.1073682	1.1586648	0.0	0.0	1.6972322	0.3367464	0.0	0.0	0.036166176	0.19501595	0.0	0.0	0.26503086	0.0	1.3653712	0.089138724	0.0	0.0	0.7595277
CGTTCCAAGAGGCAGG-1	0.5531538	0.0	0.64474386	0.0	0.0	0.7797597	0.59634477	0.0	0.0	0.7700835	0.27597904	0.0	0.0	0.30576444	0.4890038	0.0	0.0	0.55536914	0.0	0.68106025	0.29447988	0.0	0.0	0.0681351
CTAACTTAGAAATGGG-1	0.0	0.028802155	0.0	0.7350629	0.033267085	0.0	0.0	0.3543512	0.65397716	0.0	0.0	0.011933088	0.0	0.16260676	0.2770392	0.0	0.0	0.07577052	0.45289233	0.0	0.35393345	0.0	0.656178	0.0
CTAACTTCATTCGTCC-1	0.0	0.20624804	0.0	0.85558313	0.031598598	0.0	0.0	0.43672436	0.6894646	0.0	0.0	0.05434464	0.0	0.17586921	0.12975101	0.0	0.1369425	0.0	0.412141	0.0	0.45277554	0.0	0.56621164	0.0
CTAACTTGTGGTAGAC-1	0.5509989	0.0	0.63069165	0.0	0.0	0.7458329	0.5621233	0.0	0.0	0.7634751	0.24106069	0.0	0.0	0.25612432	0.49119002	0.0	0.0	0.54898405	0.0	0.61902165	0.30616093	0.0	0.0	0.03818209
CTAACTTTCTGGCTAA-1	0.7733587	0.0	2.0046864	0.0	0.0	1.34325	1.422838	0.0	0.0	2.0197444	0.36167717	0.0	0.0	0.079492085	0.15139231	0.0	0.0	0.40193346	0.0	1.6161935	0.0033125728	0.0	0.0	0.9518638
CTACAGAAGCGTTGCC-1	0.0	0.027822131	0.0	0.84845465	0.03508389	0.0	0.0	0.4507064	0.7738569	0.0	0.0	0.10072552	0.0	0.17596805	0.38649046	0.0	0.009277385	0.0	0.62545913	0.0	0.45261604	0.0	0.7859818	0.0
CTACTTAAGACGTCAG-1	0.0	0.028348172	0.0	0.86289066	0.0053082407	0.0	0.0	0.41153142	0.78311086	0.0	0.0	0.069054864	0.0	0.18416019	0.33142364	0.0	0.04216223	0.0	0.6684005	0.0	0.47729188	0.0	0.7726098	0.0
CTACTTATCGCAAACT-1	0.0	0.014440918	0.0	0.68784815	0.0	0.00054924935	0.0	0.33596724	0.59694695	0.0	0.0	0.03784283	0.0	0.14241858	0.31366146	0.0	0.0	0.019501913	0.45534068	0.0	0.38763073	0.0	0.6340073	0.0
CTAGCGGCAGGTAGGT-1	0.790265	0.0	1.97836	0.0	0.0	1.352166	1.4099066	0.0	0.0	1.9648923	0.38745397	0.0	0.0	0.1271063	0.24792095	0.0	0.0	0.40587413	0.0	1.6711022	0.12081984	0.0	0.0	0.8980596
CTAGCGGGTGACCAGA-1	0.56808484	0.0	0.73009884	0.0	0.0	0.8320711	0.5943242	0.0	0.0	0.8531183	0.272964	0.0	0.0	0.27272528	0.51793516	0.0	0.0	0.5141756	0.0	0.61780816	0.361507	0.0	0.0	0.1020522
CTAGGATAGGCCAGTA-1	0.0	0.012819445	0.0	0.63496256	0.0	0.021592341	0.0	0.27452078	0.5483017	0.0	0.0	0.033935305	0.0	0.11197351	0.23892874	0.0	0.0	0.06544962	0.33933252	0.0	0.38994902	0.0	0.5211253	0.0
CTAGGATGTAGCGAGT-1	0.7901414	0.0	2.0790226	0.0	0.0	1.3942164	1.4878014	0.0	0.0	1.8596334	0.16722153	0.0	0.0	0.04145667	0.15014401	0.0	0.0	0.26345673	0.0	1.7591819	0.14668831	0.0	0.0	0.94203836
CTCAACCTCGTTCCGT-1	0.815003	0.0	1.8669821	0.0	0.0	1.3762349	1.3844416	0.0	0.0	1.8560816	0.41037878	0.0	0.0	0.25581244	0.1400004	0.0	0.0	0.2635057	0.0	1.4458458	0.28848433	0.0	0.0	0.91172516
CTCACCAGTATTGTGC-1	0.82857496	0.0	1.9848922	0.0	0.0	1.3849218	1.4366968	0.0	0.0	2.0398855	0.41672036	0.0	0.0	0.111872494	0.2961985	0.0	0.0	0.31262058	0.0	1.5995647	0.101961404	0.0	0.0	0.9233881
CTCACCAGTCAGAAGC-1	0.2652958	0.0	1.5382994	0.0	0.0	0.8663007	0.8045146	0.0	0.0	1.6953703	0.22738968	0.0	0.14735556	0.0	0.3903354	0.0	0.0	0.10988571	0.0	1.3033435	0.19481638	0.0	0.0	0.5189125
CTCAGAACACAGGTAG-1	0.012510164	0.0	0.0	0.73524654	0.0	0.05175417	0.0	0.34034756	0.63729453	0.0	0.0	0.01259385	0.0	0.2065127	0.3696231	0.0	0.0	0.002512861	0.53629124	0.0	0.45795798	0.0	0.7306203	0.0
CTCAGCTGTAGCGGTA-1	0.60119647	0.0	0.7164897	0.0	0.0	0.85525817	0.62612945	0.0	0.0	0.8789064	0.31985372	0.0	0.0	0.324544	0.55336547	0.0	0.0	0.54969895	0.0	0.66397923	0.31830096	0.0	0.0	0.06706411
CTCAGCTTCGTGAGTT-1	0.0	0.107368186	0.0	0.68628144	0.0	0.1504283	0.0	0.34074482	0.7420022	0.0	0.0	0.10643086	0.0	0.18052799	0.37637743	0.0	0.17472231	0.0	0.40545017	0.0	0.52561545	0.0	0.82198673	0.0
CTCCCAACAAGCAGGT-1	0.3774777	0.0	1.7260444	0.0	0.0	1.3136592	1.2987236	0.0	0.0	1.7370015	0.0168185	0.0	0.0	0.027249679	0.5343623	0.0	0.0	0.1603771	0.0	1.6564038	0.2557187	0.0	0.0	0.56774443
CTCCCAAGTCTAAAGA-1	0.8393411	0.0	1.9902601	0.0	0.0	1.371397	1.3919258	0.0	0.0	1.961899	0.35896885	0.0	0.0	0.11593375	0.28044295	0.0	0.0	0.3712939	0.0	1.6287639	0.17458725	0.0	0.0	0.92430025
CTCGCTAAGCCTTTGA-1	0.011655137	0.0	0.0	0.51023084	0.044514336	0.0	0.0	0.21732275	0.42809093	0.0	0.0	0.21592128	0.0	0.06289087	0.44152048	0.0	0.0	0.044801228	0.30163062	0.0	0.42552894	0.0	0.4914704	0.0
CTCTACGAGGCAAGGG-1	0.0	0.046971984	0.0	0.66998523	0.031506278	0.0	0.0	0.3167023	0.6128158	0.0	0.0	0.033794194	0.0	0.12849286	0.27052477	0.0	0.0	0.05241117	0.43259808	0.0	0.3550351	0.0	0.58952355	0.0
CTCTCAGAGATAGGTT-1	0.7094647	0.0	1.7167122	0.0	0.0	1.2159013	1.2393371	0.0	0.0	1.7554213	0.3592238	0.0	0.0	0.0828831	0.23514093	0.0	0.0	0.32415712	0.0	1.4561394	0.15364084	0.0	0.0	0.80249244
CTCTCAGAGCGTATCT-1	0.7176445	0.0	1.9658822	0.0	0.0	1.2889427	1.3325269	0.0	0.0	1.9794341	0.37178183	0.0	0.0	0.06898328	0.28514332	0.0	0.0	0.35284168	0.0	1.6370732	0.07685403	0.0	0.0	0.85009587
CTGAATGCAAGCAGGT-1	0.0	0.07598087	0.0	0.8377467	0.055156976	0.0	0.0	0.41396388	0.7923851	0.0	0.0	0.06259835	0.0	0.19853128	0.3084546	0.0	0.0	0.0029575005	0.5924952	0.0	0.43238002	0.0	0.7262695	0.0
CTGCGTTTCAAGGCCC-1	0.04678036	0.0	0.0	0.7401694	0.0	0.06866052	0.0	0.3494151	0.64741486	0.0	0.0	0.015278671	0.0	0.22694004	0.413618	0.0	0.021997724	0.0	0.5812828	0.0	0.4907706	0.0	0.7512196	0.0
CTGCGTTTCTCGCGTT-1	0.6207243	0.0	0.75433105	0.0	0.0	0.8519106	0.64953244	0.0	0.0	0.8736679	0.2786196	0.0	0.0	0.31083137	0.5399871	0.0	0.0	0.55167836	0.0	0.6828534	0.31761423	0.0	0.0	0.0453874
CTGCTCACAGTAACCT-1	0.7486862	0.0	2.007491	0.0	0.0	1.3399031	1.4322047	0.0	0.0	1.9868431	0.38367364	0.0	0.0	0.11980884	0.27540216	0.0	0.0	0.39843708	0.0	1.711684	0.13365844	0.0	0.0	0.9306433
CTGCTCAGTACGGATG-1	0.57862157	0.0	0.5380661	0.0	0.0	0.8622205	0.41746	0.0	0.0	0.6973382	0.11978323	0.0	0.0	0.26002002	0.47311372	0.0	0.0	0.48120415	0.0	0.4059548	0.4455004	0.0	0.0	0.074224725
CTGGCAGGTAATGTAG-1	0.5651933	0.0	1.4502969	0.0	0.0	1.0221651	1.0146742	0.0	0.0	1.4338713	0.2578861	0.0	0.0	0.053687703	0.1825158	0.0	0.0	0.2724145	0.0	1.2560211	0.17311347	0.0	0.0	0.6892699
CTGGCAGTCTGATCCC-1	0.51654315	0.0	1.2887214	0.0	0.0	0.9390221	0.92795503	0.0	0.0	1.3602419	0.25060844	0.0	0.0	0.042526655	0.23281817	0.0	0.0	0.30956182	0.0	1.1171615	0.11572478	0.0	0.0	0.49478194
CTGGGACCAGAACAGC-1	0.59714794	0.0	1.4897774	0.0	0.0	0.99187523	1.0044521	0.0	0.0	1.5521396	0.27818966	0.0	0.0	0.07125251	0.230283	0.0	0.0	0.37250078	0.0	1.3148358	0.064811006	0.0	0.0	0.6288186
CTGGGACGTCCGGTAC-1	0.75680035	0.0	1.8659434	0.0	0.0	1.2529752	1.2994025	0.0	0.0	1.8410577	0.3761099	0.0	0.0	0.11822313	0.22379637	0.0	0.0	0.34844446	0.0	1.5101181	0.117632106	0.0	0.0	0.88565135
CTGTTCGCAGTAACCT-1	0.023714896	0.0	0.0	0.6641873	0.0	0.101638906	0.0	0.31052014	0.56358695	0.0	0.0	0.03808831	0.0	0.16798963	0.31981704	0.0	0.0	0.008564822	0.4841796	0.0	0.42591837	0.0	0.6582123	0.0
CTGTTCGCATACAACC-1	0.6197388	0.0	0.7324203	0.0	0.0	0.8381972	0.655723	0.0	0.0	0.9257246	0.3259363	0.0	0.0	0.31778044	0.509062	0.0	0.0	0.5883554	0.0	0.68266636	0.28779536	0.0	0.0	0.12178147
CTTAATCGTCGGCTGT-1	0.81039983	0.0	1.7305363	0.0	0.0	1.2387351	1.2790095	0.0	0.0	1.7706811	0.39743626	0.0	0.0	0.20816794	0.39684567	0.0	0.0	0.4672538	0.0	1.4481745	0.16531584	0.0	0.0	0.74666584
CTTAATCTCTTGTGCC-1	0.0	0.0043078177	0.0	0.73764837	0.04089929	0.0	0.0	0.37136468	0.64089626	0.0	0.0	0.067402884	0.0	0.1381951	0.26889017	0.0	0.0	0.063193485	0.51906776	0.0	0.35545468	0.0	0.61251533	0.0
CTTCTAATCCAAACCA-1	0.7787604	0.0	2.0336664	0.0	0.0	1.361612	1.4367368	0.0	0.0	2.0705795	0.45984644	0.0	0.0	0.08864621	0.25417894	0.0	0.0	0.3227844	0.0	1.7114698	0.06942244	0.0	0.0	1.0430095
CTTCTAATCTACCCGT-1	0.0	0.02686751	0.0	0.7611278	0.08559868	0.0	0.0	0.39745495	0.6831643	0.0	0.0	0.059058115	0.0	0.15996732	0.26723683	0.0	0.01986241	0.0	0.5362947	0.0	0.40104654	0.0	0.61197525	0.0
CTTGTCGGTGCATCAT-1	0.7913151	0.0	1.6016003	0.0	0.0	1.223662	1.1346864	0.0	0.0	1.8183962	0.07220098	0.0	0.0	0.078193165	0.13509305	0.0	0.0	0.41533262	0.0	1.2397219	0.14568114	0.0	0.0	0.7389894
CTTTGCGCACTGATAC-1	0.0	0.03744846	0.0	0.66067994	0.05282121	0.0	0.0	0.33334005	0.5566554	0.0	0.0	0.034374993	0.0	0.09308945	0.3060113	0.0	0.0	0.08694705	0.3892435	0.0	0.3350592	0.0	0.59710556	0.0
CTTTGCGGTATTGTCG-1	0.61189127	0.0	1.4484645	0.0	0.0	1.0440824	1.0161389	0.0	0.0	1.5251467	0.24645542	0.0	0.0	0.061666306	0.24178892	0.0	0.0	0.34219268	0.0	1.2601014	0.12879783	0.0	0.0	0.6542091
GAACCTAAGGAAGACA-1	0.8708423	0.0	2.2333927	0.0	0.0	1.458732	1.5827655	0.0	0.0	2.2041416	0.4454252	0.0	0.0	0.1381286	0.30333653	0.0	0.0	0.43807033	0.0	1.9091631	0.106902435	0.0	0.0	1.0776187
GAACCTAGTGGGTAGT-1	0.45454904	0.0	0.524452	0.0	0.0	0.72061855	0.49895704	0.0	0.0	0.6488077	0.28204975	0.0	0.0	0.2810254	0.45461866	0.0	0.0	0.491728	0.0	0.52185494	0.3458924	0.0	0.0	0.018571164
GAACGTTAGTCGCGTC-1	0.0	0.053671904	0.0	0.8563083	0.05123584	0.0	0.0	0.37930983	0.74394435	0.0	0.0	0.06474178	0.0	0.20355877	0.33838004	0.0	0.0	0.008108281	0.6442718	0.0	0.36590356	0.0	0.8287657	0.0
GAAGAGCGTGACAAGC-1	0.0	0.02386952	0.0	0.63199145	0.0	0.00030029565	0.0	0.29131517	0.52812475	0.0	0.0	0.046405613	0.0	0.09648267	0.24439642	0.0	0.0	0.07974264	0.37484533	0.0	0.33047512	0.0	0.5581589	0.0
GAAGAGCTCCTAGAGT-1	0.0	0.02475592	0.0	0.8121679	0.0	0.009305723	0.0	0.37209064	0.7150571	0.0	0.0	0.015586186	0.0	0.18467738	0.33912665	0.0	0.020296115	0.0	0.56745374	0.0	0.49034375	0.0	0.7356548	0.0
GAAGAGCTCGTGGAAG-1	0.0	0.019899933	0.0	0.66776204	0.0063901246	0.0	0.0	0.32598463	0.58024186	0.0	0.0	0.029817443	0.0	0.12795518	0.29024097	0.0	0.0	0.057821766	0.41716382	0.0	0.36480558	0.0	0.5908484	0.0
GAAGTCTTCTACTTTG-1	0.0021414235	0.0	0.0	0.892188	0.06986984	0.0	0.0	0.51196605	0.8805018	0.0	0.0	0.16814402	0.0	0.14377263	0.2280291	0.0	0.17062986	0.0	0.790811	0.0	0.3572359	0.0	0.9496557	0.0
GAAGTGGCACAAACGG-1	0.008862262	0.0	0.0	0.9273559	0.07692769	0.0	0.0	0.38556314	0.71853346	0.0	0.0	0.04363972	0.0	0.21838321	0.2177695	0.0	0.037050474	0.0	0.4924261	0.0	0.33241618	0.0	0.7205611	0.0
GAAGTGGGTAGAGAGA-1	0.0	0.047920153	0.0	0.69291157	0.033216987	0.0	0.0	0.32029396	0.6126585	0.0	0.0	0.042069253	0.0	0.084308244	0.24623151	0.0	0.0	0.05884675	0.4470654	0.0	0.34000674	0.0	0.55925125	0.0
GAATCTGTCACTGGTA-1	0.0019459892	0.0	0.0	0.6244769	0.029888071	0.0	0.0	0.2850688	0.5412064	0.0	0.0	0.023833053	0.0	0.14484143	0.26797345	0.0	0.0	0.10793352	0.36182427	0.0	0.33120343	0.0	0.4920895	0.0
GACCAATAGCGAATAT-1	0.8125512	0.0	2.3237085	0.0	0.0	1.5039155	1.6660922	0.0	0.0	2.3044133	0.48077047	0.0	0.0	0.14611223	0.29029214	0.0	0.0	0.46305904	0.0	2.0023878	0.055021137	0.0	0.0	1.0962
GACCGACAGCAGAGCT-1	0.0	0.008750038	0.0	0.64987266	0.0025192648	0.0	0.0	0.30810222	0.5586925	0.0	0.0	0.031246679	0.0	0.13334972	0.29972944	0.0	0.0	0.048748434	0.410562	0.0	0.36330616	0.0	0.5902784	0.0
GACCTTCTCCAATCCC-1	0.6337509	0.0	1.6411741	0.0	0.0	1.1424805	1.1448263	0.0	0.0	1.6803869	0.32738125	0.0	0.0	0.07928485	0.23576283	0.0	0.0	0.36510792	0.0	1.396659	0.1318458	0.0	0.0	0.69902223
GACTAACAGCACGTAG-1	0.7003024	0.0	1.8111773	0.0	0.0	1.2001147	1.2963738	0.0	0.0	1.8321364	0.33198282	0.0	0.0	0.077375226	0.28318638	0.0	0.0	0.3771098	0.0	1.5235368	0.059060514	0.0	0.0	0.78493357
GACTAGTAGATTCCGT-1	0.0	0.021078149	0.0	0.76388663	0.0	0.032046877	0.0	0.38809606	0.71632445	0.0	0.0	0.014322883	0.0	0.19602607	0.32586733	0.0	0.060829874	0.0	0.61469847	0.0	0.47879037	0.0	0.7501691	0.0
GACTAGTGTGAATCAA-1	0.5534465	0.0	0.6183486	0.0	0.0	0.7332294	0.51571167	0.0	0.0	0.7253645	0.21889095	0.0	0.0	0.2854138	0.46620902	0.0	0.0	0.5092474	0.0	0.47287023	0.30652782	0.0	0.0	0.018006068
GAGAACGCACAATAAG-1	0.722697	0.0	1.7148434	0.0	0.0	1.1715876	1.1629528	0.0	0.0	1.7103912	0.24381836	0.0	0.0	0.0078619085	0.108368784	0.0	0.0	0.34524056	0.0	1.5915142	0.025158642	0.0	0.0	0.75258523
GAGAACGCAGGCATTT-1	0.0064473413	0.0	0.0	0.8068013	0.01704225	0.0	0.0	0.3941154	0.7272507	0.0	0.0	0.054013215	0.0	0.22406654	0.3537985	0.0	0.034601275	0.0	0.5986141	0.0	0.46337363	0.0	0.818395	0.0
GAGAACGGTTGTGAGG-1	0.0	0.18105839	0.0	0.57204586	0.026246175	0.0	0.0	0.35126263	0.49989036	0.0	0.0	0.036856	0.0	0.08220101	0.3111243	0.0	0.07455936	0.0	0.384038	0.0	0.27965274	0.0	0.6484714	0.0
GAGACTTGTAGACGCA-1	0.015949327	0.0	0.0	0.74895674	0.0	0.049020812	0.0	0.36308768	0.6763401	0.0	0.0	0.021590412	0.0	0.19878307	0.37362865	0.0	0.028255511	0.0	0.58735436	0.0	0.45750868	0.0	0.70895046	0.0
GAGACTTGTGTCGGTC-1	0.06531456	0.0	0.0	0.62474996	0.0	0.042918295	0.0	0.26996058	0.47613588	0.0	0.03354638	0.0	0.0	0.19478817	0.39140671	0.0	0.0	0.03889024	0.4788695	0.0	0.33827007	0.0	0.590222	0.0
GAGATTCAGGCAATTA-1	0.7263255	0.0	1.8367625	0.0	0.0	1.2399722	1.2708926	0.0	0.0	1.8737044	0.35844454	0.0	0.0	0.052172944	0.23431738	0.0	0.0	0.44664326	0.0	1.5721318	0.09027749	0.0	0.0	0.81742924
GAGATTCCAATCAGGG-1	0.17951669	0.0	0.0	0.5432872	0.0	0.14145625	0.0	0.3519737	0.44576466	0.0	0.0	0.10943117	0.0	0.20193787	0.26341003	0.0	0.0	0.20601538	0.3740777	0.0	0.41734627	0.0	0.6068927	0.0
GAGATTCGTATGGGTG-1	0.5872243	0.0	1.5807694	0.0	0.0	1.0315872	1.0676521	0.0	0.0	1.5632054	0.23770373	0.0	0.0	0.028012654	0.20769896	0.0	0.0	0.35408613	0.0	1.3253069	0.07298444	0.0	0.0	0.63999164
GAGCATTTCTTAAGCG-1	0.845392	0.0	1.7666321	0.0	0.0	1.2235341	1.2236426	0.0	0.0	1.7666246	0.4966098	0.0	0.0	0.07925317	0.17812786	0.0	0.0	0.27118203	0.0	1.1960683	0.0	0.04556252	0.0	0.90064687
GAGCGCTCATCTGCAA-1	0.0	0.015107719	0.0	0.65394753	0.0	0.019063719	0.0	0.33280155	0.56355125	0.0	0.0	0.085562594	0.0	0.09604908	0.26200196	0.0	0.0	0.04892244	0.4263924	0.0	0.359131	0.0	0.501557	0.0
GAGGTCCAGCAGGAGG-1	0.51171106	0.0	0.5310966	0.0	0.0	0.7156176	0.49419063	0.0	0.0	0.64668155	0.23244946	0.0	0.0	0.2782752	0.47884467	0.0	0.0	0.46609366	0.0	0.500937	0.31285465	0.0	0.008364342	0.0
GAGGTCCGTTCAGAAA-1	0.7032842	0.0	1.6711985	0.0	0.0	1.181598	1.2060393	0.0	0.0	1.6895236	0.34696698	0.0	0.0	0.13581066	0.31586218	0.0	0.0	0.3714003	0.0	1.4114566	0.13634676	0.0	0.0	0.7026795
GAGTGAGCATGTATCG-1	0.015527539	0.0	0.0	0.6331109	0.0025277734	0.0	0.0	0.39736512	0.55588156	0.0	0.0	0.10510886	0.0	0.028818373	0.33964476	0.0	0.0	0.158672	0.42312935	0.0	0.38669768	0.0	0.61631036	0.0
GATCATGCACACATGT-1	0.51182646	0.0	0.5479247	0.0	0.0	0.7655489	0.5457144	0.0	0.0	0.67873776	0.26674193	0.0	0.0	0.26269758	0.4570699	0.0	0.0	0.46525702	0.0	0.5442588	0.32988274	0.0	0.0	0.028084975
GATCATGCAGGTAGGT-1	0.05585867	0.0	0.0	0.7323475	0.019880313	0.0	0.0	0.3990821	0.619026	0.0	0.0	0.060398206	0.0	0.07038008	0.21304432	0.0	0.0	0.1310211	0.5301367	0.0	0.33741978	0.0	0.5953087	0.0
GATCGTAAGAGCGAAA-1	0.65818405	0.0	1.7036718	0.0	0.0	1.1624848	1.1988395	0.0	0.0	1.7365459	0.35293067	0.0	0.0	0.07135594	0.23929332	0.0	0.0	0.35575908	0.0	1.4519591	0.088071585	0.0	0.0	0.8051148
GATTAGCAGGGAGTTC-1	0.6720344	0.0	1.6206348	0.0	0.0	1.151462	1.1835952	0.0	0.0	1.6558175	0.35789815	0.0	0.0	0.12131615	0.18514113	0.0	0.0	0.33342543	0.0	1.3927749	0.09915176	0.0	0.0	0.7865022
GATTAGCGTGCTGAAG-1	0.4707939	0.0	1.1056206	0.0	0.0	0.7761212	0.6934658	0.0	0.0	1.0491698	0.2185629	0.0	0.0	0.051921207	0.17827237	0.0	0.0	0.4324654	0.0	0.89917356	0.096550204	0.0	0.0	0.38021216
GATTGACCACGCGCAT-1	0.49045828	0.0	1.4988588	0.0	0.0	1.0372043	0.94086057	0.0	0.0	1.4657333	0.19902797	0.0	0.0	0.061190553	0.15182342	0.0	0.0	0.50487447	0.0	1.2230619	0.111874536	0.0	0.0	0.6694136
GCACGCAAGCGAATAT-1	0.0	0.07546522	0.0	0.8604484	0.045152497	0.0	0.0	0.4633092	0.77716357	0.0	0.0	0.08268603	0.0	0.16524287	0.3588427	0.0	0.043346394	0.0	0.6163455	0.0	0.4761125	0.0	0.815065	0.0
GCACGCACAGGTGGTA-1	0.0	0.0004246086	0.0	0.66144484	0.006927833	0.0	0.0	0.31806704	0.56414175	0.0	0.0	0.023254808	0.0	0.14122617	0.29912543	0.0	0.0	0.05228315	0.4237516	0.0	0.3659087	0.0	0.58925146	0.0
GCACGGTGTAACATAG-1	0.6701435	0.0	1.7274642	0.0	0.0	1.1015269	1.1741753	0.0	0.0	1.9479803	0.46124408	0.0	0.0	0.018976133	0.31792817	0.0	0.0	0.51542926	0.0	1.468783	0.0	0.066480674	0.0	0.727198
GCAGCCAGTTGTGAGG-1	0.28020403	0.0	0.6451982	0.0	0.0	0.6321059	0.5115511	0.0	0.0	0.56034744	0.10149426	0.0	0.0	0.25140804	0.36803913	0.0	0.0	0.51461303	0.0	0.7005936	0.30012593	0.0	0.27276373	0.0
GCAGCTGGTATCTAGC-1	0.060017176	0.0	0.0	0.81594056	0.0	0.0069798976	0.0	0.35425574	0.6607575	0.0	0.07271959	0.0	0.0	0.2750368	0.37959972	0.0	0.0	0.033029743	0.60955656	0.0	0.42106068	0.0	0.77636236	0.0
GCATGATAGTTCAAGA-1	0.7796924	0.0	1.78632	0.0	0.0	1.1296054	1.2383347	0.0	0.0	1.6538259	0.3944255	0.0	0.0	0.16395496	0.048476465	0.0	0.0	0.21235724	0.0	1.328659	0.0954208	0.0	0.0	0.961268
GCATGATCAATGACTC-1	0.0	0.07592987	0.0	0.81067455	0.049676664	0.0	0.0	0.38998765	0.7116559	0.0	0.019358529	0.0	0.0	0.101179175	0.27099988	0.0	0.0	0.043043554	0.3979803	0.0	0.3647521	0.0	0.6667589	0.0
GCATTCCGTATTGTGC-1	0.653682	0.0	1.1325175	0.0	0.0	1.0401593	0.82930917	0.0	0.0	1.0719547	0.078366704	0.0	0.0	0.086007364	0.44587347	0.0	0.0	0.035417374	0.0	0.6950227	0.18550992	0.0	0.0	0.31353816
GCCAGACGTAACATAG-1	0.0	0.025587773	0.0	0.69671685	0.0684209	0.0	0.0	0.34894753	0.5776915	0.0	0.0	0.020121822	0.0	0.13704741	0.2686076	0.0	0.0	0.04650809	0.4444059	0.0	0.32628402	0.0	0.5972466	0.0
GCCCAGAAGGATGCCA-1	0.0	0.05340793	0.0	0.84312266	0.048033662	0.0	0.0	0.42111617	0.7478733	0.0	0.0	0.07296863	0.0	0.1717029	0.32854494	0.0	0.0	0.011786509	0.5826887	0.0	0.43332642	0.0	0.7602189	0.0
GCCCAGAGTGGCGCTT-1	0.0	0.035049394	0.0	0.7988924	0.0	0.015588753	0.0	0.4011984	0.7003828	0.0	0.0	0.047606118	0.0	0.16576049	0.32470092	0.0	0.0	0.011543214	0.5655997	0.0	0.46729058	0.0	0.7622175	0.0
GCGAGAACAACGTAGG-1	0.0	0.054464355	0.0	0.75102067	0.019323718	0.0	0.0	0.37115562	0.6924877	0.0	0.0	0.08502023	0.0	0.11282744	0.27138117	0.0	0.025919449	0.0	0.5209086	0.0	0.4149777	0.0	0.6246387	0.0
GCGAGAAGTCCACCAG-1	0.0	0.007128995	0.0	0.77526903	0.0	0.0020654276	0.0	0.38421348	0.72271025	0.0	0.0	0.05999711	0.0	0.17652601	0.2996872	0.0	0.0046926625	0.0	0.5696014	0.0	0.4308174	0.0	0.6965841	0.0
GCGATCGAGTATCTGC-1	0.5867607	0.0	1.3460062	0.0	0.0	1.1009039	1.0153452	0.0	0.0	1.3103584	0.33038512	0.0	0.0	0.10397179	0.055254035	0.0	0.0	0.15708561	0.0	1.0685152	0.19675201	0.0	0.0	0.65756875
GCGCATGCACAGTTAC-1	0.81544507	0.0	2.040321	0.0	0.0	1.375137	1.4631122	0.0	0.0	2.0239797	0.40788627	0.0	0.0	0.15471725	0.28480783	0.0	0.0	0.40152374	0.0	1.7237082	0.11518164	0.0	0.0	0.94094795
GCGGGTTAGAACCCGA-1	0.79124725	0.0	2.0787997	0.0	0.0	1.3488613	1.4340012	0.0	0.0	2.0543926	0.39990163	0.0	0.0	0.08382648	0.25014162	0.0	0.0	0.33122385	0.0	1.7375548	0.08732028	0.0	0.0	0.96990436
GCGGGTTAGAACGTCG-1	0.8019344	0.0	2.1107163	0.0	0.0	1.3526675	1.3207632	0.0	0.0	1.9290437	0.49767894	0.0	0.0	0.010326959	0.47311252	0.0	0.0	0.6354582	0.0	1.9990838	0.102477334	0.0	0.0	0.9873224
GCGGGTTAGCTACGCC-1	0.0	0.054534726	0.0	0.837935	0.034626022	0.0	0.0	0.44339773	0.7531707	0.0	0.0	0.071321666	0.0	0.19767506	0.37039882	0.0	0.054946247	0.0	0.64492613	0.0	0.4554476	0.0	0.74668276	0.0
GCGGGTTCATCCCGGA-1	0.0	0.05445493	0.0	0.7869502	0.088196024	0.0	0.0	0.36122125	0.6762158	0.0	0.0	0.03785582	0.0	0.14975363	0.28401843	0.0	0.0	0.007866472	0.5319313	0.0	0.33631545	0.0	0.6555707	0.0
GCGGGTTCATTATGGC-1	0.767209	0.0	1.9126551	0.0	0.0	1.3178067	1.3714644	0.0	0.0	1.9030875	0.40636867	0.0	0.0	0.1099315	0.25682	0.0	0.0	0.362972	0.0	1.615448	0.15243602	0.0	0.0	0.9014819
GCGGTGTTCTGCGTCT-1	0.71978533	0.0	1.7337666	0.0	0.0	1.2019166	1.2601222	0.0	0.0	1.7858934	0.3640083	0.0	0.0	0.09162604	0.27217484	0.0	0.0	0.362536	0.0	1.4761432	0.107866935	0.0	0.0	0.80275065
GCGTTGGTCTAGTCGA-1	0.38378114	0.0	1.648779	0.0	0.0	1.0934637	1.2716682	0.0	0.0	1.8649724	0.44945344	0.0	0.0	0.058250953	0.10645226	0.0	0.0	0.614815	0.0	1.5444294	0.052157953	0.0	0.0	0.5481401
GCTCAGGCACCTGAAT-1	0.75281656	0.0	1.71262	0.0	0.0	1.3839637	1.473736	0.0	0.0	2.1077294	0.55118275	0.0	0.0	0.25138003	0.025148109	0.0	0.0	0.27561435	0.0	1.8596426	0.12894611	0.0	0.0	0.9145688
GCTCAGGGTTTCGACA-1	0.526467	0.0	1.3144807	0.0	0.0	0.9358652	0.94744223	0.0	0.0	1.3711573	0.30406737	0.0	0.0	0.057360146	0.2339064	0.0	0.0	0.28314	0.0	1.1051977	0.08725938	0.0	0.0	0.598207
GCTCAGGTCACGGGTC-1	0.0	0.11559884	0.0	0.78512806	0.010851633	0.0	0.0	0.29594553	0.75079304	0.0	0.0	0.03470235	0.0	0.12786621	0.31208506	0.0	0.0	0.024421731	0.64597535	0.0	0.42331803	0.0	0.7931178	0.0
GCTCCTAGTAACAATG-1	0.53460836	0.0	0.61414206	0.0	0.0	0.75789124	0.52538496	0.0	0.0	0.7338661	0.28559682	0.0	0.0	0.2616096	0.4887552	0.0	0.0	0.49724725	0.0	0.5941573	0.3169461	0.0	0.0	0.039595556
GCTCCTAGTTATCGAC-1	0.7868921	0.0	2.0842905	0.0	0.0	1.3493474	1.4319346	0.0	0.0	2.0090346	0.29124203	0.0	0.0	0.122909546	0.4038672	0.0	0.0	0.24893363	0.0	1.7265462	0.15830794	0.0	0.0	1.0489478
GCTCGAGCAGACTAAA-1	0.0	0.10133692	0.0	0.7309674	0.0	0.07116879	0.0	0.45690706	0.79818314	0.0	0.0	0.21762261	0.0	0.06789233	0.30894163	0.0	0.0	0.07651804	0.5969869	0.0	0.45204753	0.0	0.68523157	0.0
GCTGAGCTCCAACAAC-1	0.7534254	0.0	0.84493095	0.0	0.0	0.8737231	0.69747597	0.0	0.0	0.69889134	0.07640544	0.0	0.0	0.37454718	0.3299108	0.0	0.0	0.46646777	0.0	0.49780416	0.23263744	0.0	0.0	0.25542468
GCTTAAGTCCGTGCAG-1	0.56082064	0.0	1.50545	0.0	0.0	1.0868162	1.0250685	0.0	0.0	1.7767065	0.29881436	0.0	0.058444656	0.0	0.06799186	0.0	0.0	0.27935576	0.0	1.4393406	0.14057067	0.0	0.0	0.811727
GCTTAAGTCTTCACTA-1	0.7568654	0.0	2.0518286	0.0	0.0	1.285808	1.4074949	0.0	0.0	2.036779	0.35068977	0.0	0.0	0.07457134	0.31371108	0.0	0.0	0.4476652	0.0	1.7209127	0.024339803	0.0	0.0	0.92990994
GCTTGCTTCGGATGTT-1	0.04774324	0.0	0.0	0.7473669	0.0	0.042435408	0.0	0.38452446	0.6614696	0.0	0.0	0.0065349657	0.0	0.18625082	0.3212321	0.0	0.0	0.001925882	0.55866563	0.0	0.4347703	0.0	0.65178645	0.0
GGAACCCAGATATGAC-1	0.65831804	0.0	1.6747433	0.0	0.0	1.1285208	1.2170033	0.0	0.0	1.6950555	0.31361836	0.0	0.0	0.053322032	0.24312946	0.0	0.0	0.35535565	0.0	1.420721	0.054049484	0.0	0.0	0.7320149
GGAATCTGTTCTCGAA-1	0.78912485	0.0	1.8761168	0.0	0.0	1.2934546	1.3246216	0.0	0.0	1.8444203	0.38105562	0.0	0.0	0.15154766	0.2969307	0.0	0.0	0.37080133	0.0	1.5656105	0.16397506	0.0	0.0	0.8716751
GGACACCCACTCGTGG-1	0.0	0.017573474	0.0	0.6165076	0.0	0.019417562	0.0	0.28306752	0.52313817	0.0	0.0	0.032310322	0.0	0.11670116	0.29677942	0.0	0.0050092116	0.0	0.42276594	0.0	0.36069238	0.0	0.6040369	0.0
GGACACCCATTCACGA-1	0.7528567	0.0	2.015993	0.0	0.0	1.3165058	1.3988338	0.0	0.0	1.9358203	0.3315306	0.0	0.0	0.115033604	0.19291702	0.0	0.0	0.3880853	0.0	1.6955218	0.07373543	0.0	0.0	1.0218441
GGAGAACTCTTCCAGC-1	0.0	0.039144203	0.0	0.74039125	0.004752323	0.0	0.0	0.3597752	0.69383997	0.0	0.0	0.07878521	0.0	0.13690943	0.32028896	0.0	0.017303351	0.0	0.5180047	0.0	0.42870015	0.0	0.6658918	0.0
GGAGGATAGAGCTACG-1	0.0	0.03602039	0.0	0.7382255	0.03237491	0.0	0.0	0.36415347	0.6438016	0.0	0.0	0.021268712	0.0	0.14667855	0.3361522	0.0	0.0	0.0054803453	0.49782196	0.0	0.42136455	0.0	0.6506779	0.0
GGAGTAGGTAACTCCA-1	0.72657466	0.0	1.9437002	0.0	0.0	1.2977587	1.3123444	0.0	0.0	1.9294757	0.35209784	0.0	0.0	0.09206416	0.20288792	0.0	0.0	0.3492844	0.0	1.6153922	0.09677875	0.0	0.0	0.9194406
GGATGAGTCGCACAAT-1	0.0	0.05032447	0.0	0.740608	0.0	0.00095804036	0.0	0.38741928	0.66457903	0.0	0.0	0.093008965	0.0	0.14899907	0.28965494	0.0	0.0032669269	0.0	0.5074905	0.0	0.41529816	0.0	0.6680854	0.0
GGCATTACAATTCTCT-1	0.0	0.055352688	0.0	0.72815627	0.07180312	0.0	0.0	0.41055357	0.66534495	0.0	0.0	0.038498726	0.0	0.111502044	0.28116596	0.0	0.0	0.060136024	0.4693271	0.0	0.36281973	0.0	0.6057883	0.0
GGCATTAGTGTACGCC-1	0.020679742	0.0	0.0	0.6357562	0.0	0.038160235	0.0	0.24241696	0.54083556	0.0	0.0	0.076340675	0.0	0.057504393	0.26696298	0.0	0.0	0.103112265	0.48402476	0.0	0.3682744	0.0	0.6271633	0.0
GGCGAAAAGGCGTCCT-1	0.8185495	0.0	1.6408916	0.0	0.0	1.3974221	1.4905088	0.0	0.0	1.6210035	0.15714544	0.0	0.0	0.21580218	0.32698303	0.0	0.0	0.6788089	0.0	1.5199555	0.21143273	0.0	0.0	0.80168486
GGCGAAACAAGGGTAC-1	0.0	0.0334024	0.0	0.68685836	0.0	0.16215357	0.0	0.41647276	0.6990621	0.0	0.0	0.11316105	0.0	0.07293295	0.290557	0.0	0.020832647	0.0	0.5757471	0.0	0.5439411	0.0	0.61245316	0.0
GGCGTTGGTATTCTTC-1	0.0	0.0146566685	0.0	0.87563187	0.12367783	0.0	0.0	0.4116519	0.7158733	0.0	0.0	0.052143533	0.0	0.14921321	0.352174	0.0	0.0	0.028528461	0.58486986	0.0	0.36699447	0.0	0.7289549	0.0
GGGCCATAGAATGCTA-1	0.0	0.03484314	0.0	0.67327476	0.026541889	0.0	0.0	0.33932427	0.6233606	0.0	0.0	0.063484535	0.0	0.10636141	0.2731265	0.0	0.0	0.014356412	0.43906286	0.0	0.3658754	0.0	0.619089	0.0
GGGCCATTCCTTTGCG-1	0.60671514	0.0	1.6226628	0.0	0.0	1.11553	1.1686828	0.0	0.0	1.6355902	0.33777145	0.0	0.0	0.054141827	0.1971275	0.0	0.0	0.2820615	0.0	1.4100492	0.08249787	0.0	0.0	0.79336613
GGGTGTCCAATTCTCT-1	0.0	0.007094728	0.0	0.87531674	0.0	0.0018704087	0.0	0.44986942	0.767091	0.0	0.0	0.036604516	0.0	0.21249162	0.39380717	0.0	0.050966132	0.0	0.687663	0.0	0.48730803	0.0	0.8483234	0.0
GGGTTATAGTTCTCCC-1	0.8537926	0.0	2.13557	0.0	0.0	1.423062	1.5228918	0.0	0.0	2.1272624	0.47457254	0.0	0.0	0.18367805	0.30280864	0.0	0.0	0.31566676	0.0	1.7572051	0.11521873	0.0	0.0	1.0114418
GGGTTATCACTAGCCG-1	0.0	0.035394095	0.0	0.74101895	0.026821192	0.0	0.0	0.36136112	0.64343107	0.0	0.0	0.033083934	0.0	0.1288642	0.28230268	0.0	0.0	0.025465539	0.5194567	0.0	0.3679913	0.0	0.6330476	0.0
GGGTTATTCACCCTTG-1	0.0	0.00073988736	0.0	0.63875157	0.017711982	0.0	0.0	0.30734608	0.5639332	0.0	0.0	0.020338096	0.0	0.115784734	0.25742608	0.0	0.0	0.05129347	0.39493954	0.0	0.33125812	0.0	0.5433145	0.0
GGTACCGGTAAAGGCC-1	0.018503556	0.0	0.0	0.7920235	0.0	0.024779677	0.0	0.373426	0.71586186	0.0	0.0	0.074598014	0.0	0.19792236	0.39008844	0.0	0.021616552	0.0	0.59112406	0.0	0.47351843	0.0	0.7597931	0.0
GGTACCGTCAAACCCA-1	0.6822581	0.0	1.7355809	0.0	0.0	1.1591737	1.2471049	0.0	0.0	1.784484	0.35745957	0.0	0.0	0.079908945	0.19104151	0.0	0.0	0.33793592	0.0	1.4792277	0.06101076	0.0	0.0	0.81359595
GGTCATATCACATCCC-1	0.7675522	0.0	1.8242722	0.0	0.0	1.2699108	1.317807	0.0	0.0	1.8632529	0.3183631	0.0	0.0	0.1170003	0.28359002	0.0	0.0	0.41535226	0.0	1.5169696	0.13181883	0.0	0.0	0.88989085
GGTCATATCCGTCAAA-1	0.5105747	0.0	0.53016585	0.0	0.0	0.7367157	0.46818846	0.0	0.0	0.6726411	0.2378893	0.0	0.0	0.2627027	0.47625387	0.0	0.0	0.48705414	0.0	0.51254296	0.3284146	0.0	0.0	0.01431654
GGTGAAGAGTCTGTGT-1	0.052513793	0.0	0.0	0.6966726	0.0	0.098720945	0.0	0.2914421	0.6036216	0.0	0.023427768	0.0	0.0	0.23568697	0.39199838	0.0	0.0028691702	0.0	0.58744967	0.0	0.4708973	0.0	0.70336545	0.0
GGTGAAGTCACTACCC-1	0.73716336	0.0	1.8143849	0.0	0.0	1.2565953	1.2860762	0.0	0.0	1.8391031	0.3653714	0.0	0.0	0.12388383	0.2943984	0.0	0.0	0.40847942	0.0	1.5599128	0.12834474	0.0	0.0	0.837125
GGTGTCGTCATGCTTT-1	0.0	0.05079861	0.0	0.8044013	0.024061333	0.0	0.0	0.4095383	0.7183024	0.0	0.0	0.036129545	0.0	0.17709358	0.33047462	0.0	0.0	0.023720302	0.6158602	0.0	0.44253471	0.0	0.80037755	0.0
GGTGTCGTCTTACGGA-1	0.0	0.053206578	0.0	0.5608735	0.074036054	0.0	0.0	0.36146033	0.55178595	0.0	0.049242646	0.0	0.0	0.03661579	0.22099772	0.0	0.048387725	0.0	0.38994595	0.0	0.27221233	0.0	0.5535403	0.0
GGTGTCGTCTTCTCTC-1	0.0	0.0123758335	0.0	0.7111261	0.0	0.03375069	0.0	0.3493411	0.6428237	0.0	0.0	0.04278703	0.0	0.15955408	0.31612277	0.0	0.0	0.014108174	0.52089417	0.0	0.414966	0.0	0.674251	0.0
GGTTGCGAGACCTATC-1	0.0	0.043297723	0.0	0.68887115	0.024379872	0.0	0.0	0.32293475	0.59440035	0.0	0.0	0.048117116	0.0	0.10828276	0.29073295	0.0	0.0	0.028105112	0.49474165	0.0	0.34690675	0.0	0.62746024	0.0
GTACTTTAGTGGGACT-1	0.047168657	0.0	0.0	0.5356322	0.0	0.10036614	0.0	0.24087952	0.4479905	0.0	0.0	0.012285016	0.0	0.1531773	0.32774487	0.0	0.0	0.047860727	0.35613087	0.0	0.39375773	0.0	0.5567546	0.0
GTAGACTAGTCTGGGA-1	0.015160354	0.0	0.0	0.74705535	0.12640552	0.0	0.0	0.2525595	0.59877044	0.0	0.025558444	0.0	0.0	0.104876526	0.28405896	0.0	0.1068652	0.0	0.56179583	0.0	0.2803816	0.0	0.5943675	0.0
GTAGACTTCGCTCTAC-1	0.7775025	0.0	2.120742	0.0	0.0	1.3955238	1.4550636	0.0	0.0	2.07951	0.39506602	0.0	0.0	0.084708646	0.28349882	0.0	0.0	0.37235904	0.0	1.7556006	0.1760385	0.0	0.0	1.0174941
GTAGTACAGGGTGTTG-1	0.0	0.022845892	0.0	0.6434773	0.0	0.034831926	0.0	0.25353616	0.55871445	0.0	0.00050999597	0.0	0.0	0.12475656	0.20569548	0.0	0.0	0.017571945	0.4130212	0.0	0.33988425	0.0	0.52665186	0.0
GTAGTACCAAGTGGCA-1	0.6802124	0.0	1.8441141	0.0	0.0	1.1886117	1.2830044	0.0	0.0	1.8315668	0.35766754	0.0	0.0	0.053032078	0.25627482	0.0	0.0	0.4189883	0.0	1.5861479	0.06283313	0.0	0.0	0.88250226
GTAGTACCAATGAAAC-1	0.5265209	0.0	0.52816266	0.0	0.0	0.7526389	0.50747186	0.0	0.0	0.7159931	0.2340387	0.0	0.0	0.2853369	0.4557468	0.0	0.0	0.48938987	0.0	0.5149889	0.3181656	0.0	0.019421797	0.0
GTCACAATCGTTCCGT-1	0.6207075	0.0	1.4450102	0.0	0.0	1.0442829	1.0204899	0.0	0.0	1.4665511	0.29552284	0.0	0.0	0.08369419	0.26397675	0.0	0.0	0.38733983	0.0	1.2372584	0.14464165	0.0	0.0	0.6163478
GTCACGGCAGTCAGCC-1	0.0004419405	0.0	0.0	0.73012584	0.11325011	0.0	0.0	0.43015635	0.6740499	0.0	0.09677281	0.0	0.0	0.21221061	0.35718697	0.0	0.093752876	0.0	0.61392945	0.0	0.35620674	0.0	0.6499896	0.0
GTCACTCGTAACCGAG-1	0.6150055	0.0	1.4025012	0.0	0.0	0.9982671	1.0018893	0.0	0.0	1.4647744	0.2637915	0.0	0.0	0.11782637	0.20196487	0.0	0.0	0.36527318	0.0	1.2467965	0.1045937	0.0	0.0	0.6629792
GTCCATCAGGCAAGCT-1	0.602944	0.0	1.4629629	0.0	0.0	1.0443541	1.0396576	0.0	0.0	1.4998078	0.2809965	0.0	0.0	0.07845123	0.23899774	0.0	0.0	0.32461354	0.0	1.2319719	0.115781784	0.0	0.0	0.6515121
GTCGTAATCTCGTAGA-1	0.82947415	0.0	2.040985	0.0	0.0	1.4917175	1.468081	0.0	0.0	1.9987478	0.31183863	0.0	0.0	0.27832538	0.31016	0.0	0.03907251	0.0	0.0	1.3071967	0.22930184	0.0	0.0	1.0602739
GTGACATAGGATTAAC-1	0.7710538	0.0	1.8861326	0.0	0.0	1.2827642	1.3484379	0.0	0.0	1.887923	0.3390062	0.0	0.0	0.108877875	0.32716626	0.0	0.0	0.34680942	0.0	1.5815523	0.15457098	0.0	0.0	0.8498636
GTGACATGTTCAGAAA-1	0.0	0.088655725	0.0	0.64840126	0.0802349	0.0	0.0	0.36628658	0.6492051	0.0	0.0	0.14723954	0.0	0.013266745	0.20024098	0.0	0.0	0.19846307	0.25946158	0.0	0.21402156	0.0	0.64881366	0.0
GTGACATTCTTACTCA-1	0.49944678	0.0	0.7317701	0.0	0.0	0.74073833	0.5965546	0.0	0.0	0.82210606	0.23703523	0.0	0.0	0.18858099	0.45601916	0.0	0.0	0.37994862	0.0	0.6803172	0.3154012	0.0	0.0	0.06583883
GTGATCAAGTTCGACT-1	0.743674	0.0	2.040958	0.0	0.0	1.3005298	1.4354422	0.0	0.0	1.9677932	0.42973062	0.0	0.0	0.116158284	0.25886154	0.0	0.0	0.33399126	0.0	1.7473804	0.0814494	0.0	0.0	0.96278864
GTGCTGGAGATCACCT-1	0.89582574	0.0	2.2996616	0.0	0.0	1.5214571	1.6122227	0.0	0.0	2.2141516	0.41082653	0.0	0.0	0.1291015	0.2037097	0.0	0.0	0.463139	0.0	1.9499547	0.13636452	0.0	0.0	1.1853034
GTGGATTGTGAATACA-1	0.028504713	0.0	0.0	0.75388783	0.0	0.021759413	0.0	0.34854746	0.7243337	0.0	0.0	0.04901375	0.0	0.15992197	0.383782	0.0	0.0	0.110522166	0.61706394	0.0	0.3301956	0.0	0.6501958	0.0
GTGGCGTAGTGTCACT-1	0.0	0.010616226	0.0	0.7095804	0.026831146	0.0	0.0	0.3540005	0.6074274	0.0	0.0	0.026040692	0.0	0.15190513	0.3186431	0.0	0.0	0.049367514	0.4709919	0.0	0.37947112	0.0	0.64562166	0.0
GTGGCGTGTAGAATAC-1	0.720417	0.0	1.9239255	0.0	0.0	1.2717836	1.3608704	0.0	0.0	1.9063997	0.3289689	0.0	0.0	0.07887876	0.2840283	0.0	0.0	0.4020834	0.0	1.6883199	0.14546148	0.0	0.0	0.8862092
GTGGCGTGTCTCGGGT-1	0.47269386	0.0	0.47109944	0.0	0.0	0.6766908	0.4545311	0.0	0.0	0.5871365	0.22696556	0.0	0.0	0.2668295	0.44072047	0.0	0.0	0.4323157	0.0	0.45836347	0.30653697	0.0	0.020956255	0.0
GTGGCGTTCATCATGG-1	0.577434	0.0	1.4758524	0.0	0.0	1.0311172	1.0095516	0.0	0.0	1.5122927	0.22227	0.0	0.0020417897	0.0	0.18672076	0.0	0.0	0.3292195	0.0	1.2811432	0.10794651	0.0	0.0	0.67625123
GTGTCCTAGATGCGCA-1	0.0	0.046450876	0.0	0.7359638	0.07327325	0.0	0.0	0.32617092	0.65000683	0.0	0.0	0.025264764	0.0	0.09549215	0.23843174	0.0	0.0	0.015236754	0.46873263	0.0	0.33467472	0.0	0.5882383	0.0
GTGTCCTCACGTGAAG-1	0.0	0.051994093	0.0	0.70869976	0.05462747	0.0	0.0	0.30007935	0.5614469	0.0	0.0	0.042016987	0.0	0.05541641	0.25496855	0.0	0.0	0.14722036	0.47244757	0.0	0.23071125	0.0	0.59412307	0.0
GTTACGAAGGGAGTTC-1	0.0	0.03840945	0.0	0.7017885	0.031142242	0.0	0.0	0.32339257	0.5936292	0.0	0.0	0.088597454	0.0	0.12990516	0.3064175	0.0	0.0	0.025617477	0.42767042	0.0	0.39402986	0.0	0.6824834	0.0
GTTACGACACCTCGTT-1	0.5475701	0.0	0.59611183	0.0	0.0	0.75022554	0.5202325	0.0	0.0	0.75302356	0.25118685	0.0	0.0	0.27408057	0.52964497	0.0	0.0	0.5310147	0.0	0.5616134	0.3135371	0.0	0.0	0.022545706
GTTATGGTCCTGTAGA-1	0.12552182	0.0	0.0	0.68452585	0.0	0.07732005	0.0	0.44391397	0.64174473	0.0	0.04325684	0.0	0.0	0.34508038	0.46597946	0.0	0.0	0.05374823	0.6517161	0.0	0.3900301	0.0	0.6831594	0.0
GTTCAAGAGTTAGCGG-1	0.0	0.055752374	0.0	0.8053761	0.044244554	0.0	0.0	0.41544926	0.63679886	0.0	0.0	0.046532832	0.0	0.10695761	0.2907757	0.0	0.06855947	0.0	0.6243373	0.0	0.43009013	0.0	0.6518484	0.0
GTTGGTACACAAACGG-1	0.49554658	0.0	1.3157765	0.0	0.0	1.0220699	1.0240664	0.0	0.0	1.4365004	0.39699063	0.0	0.0	0.05201692	0.30754644	0.0	0.0	0.42218158	0.0	1.2454654	0.029912243	0.0	0.0	0.66994005
TAAACCGTCGCGATGC-1	0.02248663	0.0	0.0	0.7097249	0.0	0.06326897	0.0	0.42004555	0.52447516	0.0	0.016271183	0.0	0.0	0.08280806	0.19304459	0.0	0.0517548	0.0	0.40109962	0.0	0.4429677	0.0	0.523896	0.0
TAACGGTTCGCTAGTA-1	0.72165227	0.0	1.8699335	0.0	0.0	1.2291543	1.3213893	0.0	0.0	1.8564413	0.33334142	0.0	0.0	0.0838072	0.25706574	0.0	0.0	0.34554577	0.0	1.5730845	0.12116326	0.0	0.0	0.81489265
TAACTTCAGCGCATTT-1	0.5365057	0.0	0.59395236	0.0	0.0	0.73315734	0.5517898	0.0	0.0	0.7258929	0.27248037	0.0	0.0	0.28528202	0.4975853	0.0	0.0	0.52046186	0.0	0.5810412	0.32135543	0.0	0.0	0.023018371
TAACTTCGTAAGGTCG-1	0.0	0.09028893	0.0	0.82873565	0.0	0.010146633	0.0	0.42269775	0.7907506	0.0	0.0	0.072971515	0.0	0.13889793	0.2884167	0.0	0.034266766	0.0	0.59281653	0.0	0.48918357	0.0	0.7770692	0.0
TAAGCCAGTTCGGGAA-1	0.0	0.031036718	0.0	0.68278533	0.035269666	0.0	0.0	0.3379047	0.5949022	0.0	0.0	0.05472761	0.0	0.100891344	0.25036186	0.0	0.0	0.05258734	0.44580543	0.0	0.3345341	0.0	0.5440361	0.0
TACAGCACACTCGGAC-1	0.7030978	0.0	1.8820802	0.0	0.0	1.247541	1.3167481	0.0	0.0	1.8904874	0.3553911	0.0	0.0	0.08927569	0.23965979	0.0	0.0	0.3594338	0.0	1.5519634	0.08345969	0.0	0.0	0.8841637
TACATGGCAAGCGGTA-1	0.0	0.011095682	0.0	0.7004397	0.028237876	0.0	0.0	0.34263334	0.60357803	0.0	0.0	0.029946808	0.0	0.1389332	0.30236915	0.0	0.0	0.04693622	0.45614558	0.0	0.3595353	0.0	0.625189	0.0
TACATGGGTACTAGAA-1	0.6085653	0.0	1.5737907	0.0	0.0	1.0920638	1.1013585	0.0	0.0	1.5492849	0.25725108	0.0	0.0	0.067646936	0.26567042	0.0	0.0	0.37562045	0.0	1.3086609	0.13842121	0.0	0.0	0.68284076
TACATGGTCGTTCAGA-1	0.63656914	0.0	1.732864	0.0	0.0	1.1644503	1.2224271	0.0	0.0	1.769809	0.31303728	0.0	0.0	0.056775875	0.27132404	0.0	0.0	0.3545522	0.0	1.4519647	0.064525396	0.0	0.0	0.82886297
TACATTCAGACTAATG-1	0.7717204	0.0	1.8711503	0.0	0.0	1.2820845	1.3707373	0.0	0.0	1.8407232	0.36593047	0.0	0.0	0.17086312	0.34301734	0.0	0.0	0.46799067	0.0	1.6476799	0.15722492	0.0	0.0	0.767573
TACCCTGCACTGTCGG-1	0.00064655393	0.0	0.0	0.6793	0.0022268146	0.0	0.0	0.32979178	0.5754717	0.0	0.0	0.0154214045	0.0	0.15104638	0.29957607	0.0	0.0	0.028882911	0.4391018	0.0	0.37257037	0.0	0.61704403	0.0
TACCCTGCATTGATGC-1	0.7091076	0.0	1.7945399	0.0	0.0	1.2045465	1.2812811	0.0	0.0	1.8022054	0.38654193	0.0	0.0	0.09853958	0.16469178	0.0	0.0	0.39485866	0.0	1.5559585	0.023584768	0.0	0.0	0.8695504
TACCTATCACATATCG-1	0.0	0.040021777	0.0	0.8969892	0.05032105	0.0	0.0	0.47259066	0.7902907	0.0	0.0	0.072631545	0.0	0.16148433	0.3841472	0.0	0.023266751	0.0	0.674729	0.0	0.47436616	0.0	0.82305914	0.0
TACCTCGAGAGTGGAA-1	0.0	0.033354037	0.0	0.68801874	0.045453195	0.0	0.0	0.31890935	0.6069804	0.0	0.0	0.014400436	0.0	0.09867347	0.24761811	0.0	0.0	0.05367012	0.41627854	0.0	0.32971066	0.0	0.58849454	0.0
TACCTCGGTATCCTTT-1	0.034721747	0.0	0.0	0.77997833	0.00022538751	0.0	0.0	0.40489274	0.72835344	0.0	0.0	0.045445487	0.0	0.19925521	0.36578014	0.0	0.0	0.028749865	0.5612479	0.0	0.4450319	0.0	0.7326292	0.0
TACGCAAGTGTGCGTC-1	0.6991027	0.0	1.9420334	0.0	0.0	1.245914	1.2877386	0.0	0.0	1.9678401	0.3548546	0.0	0.0	0.06395046	0.17252916	0.0	0.0	0.4125926	0.0	1.6143533	0.07175141	0.0	0.0	0.9094172
TACGCCTTCCAATAGC-1	0.010424345	0.0	0.0	0.58879066	0.0	0.011279866	0.0	0.32178265	0.5266369	0.0	0.0	0.10548025	0.0	0.08225358	0.25361812	0.0	0.0	0.08345447	0.3864456	0.0	0.36499634	0.0	0.5071245	0.0
TACGCCTTCCTGGGAC-1	0.73050725	0.0	1.7528276	0.0	0.0	1.2262851	1.2718357	0.0	0.0	1.7449005	0.35005367	0.0	0.0	0.14316753	0.2937052	0.0	0.0	0.37701556	0.0	1.4726737	0.13036132	0.0	0.0	0.7424104
TACGGATGTCAGCAAG-1	0.8561793	0.0	1.8705635	0.0	0.0	1.2768506	1.4128286	0.0	0.0	1.6259875	0.32028568	0.0	0.0	0.3095832	0.14496395	0.0	0.0	0.43723208	0.0	1.5243187	0.0	0.060972802	0.0	0.9632228
TACTAGGAGATCGAGC-1	0.6468575	0.0	1.582858	0.0	0.0	1.1259565	1.1272836	0.0	0.0	1.6191677	0.3372103	0.0	0.0	0.08789575	0.24157521	0.0	0.0	0.3610914	0.0	1.3422918	0.14108276	0.0	0.0	0.72453374
TACTCGCTCAAACCCA-1	0.0	0.04115141	0.0	0.79889536	0.16831377	0.0	0.0	0.28684998	0.7892779	0.0	0.0	0.07872922	0.0	0.2384844	0.20177095	0.0	0.14619426	0.0	0.81083405	0.0	0.32001022	0.0	0.86496323	0.0
TACTCGCTCGACTGGC-1	0.0	0.006448228	0.0	0.85432523	0.024823457	0.0	0.0	0.41244644	0.7575345	0.0	0.0	0.06708031	0.0	0.21306454	0.35873136	0.0	0.022122432	0.0	0.63796926	0.0	0.43991247	0.0	0.78493005	0.0
TACTCGCTCTTACGGA-1	0.7331431	0.0	1.7410394	0.0	0.0	1.2064278	1.2380377	0.0	0.0	1.8255165	0.35612056	0.0	0.0	0.10061575	0.30303237	0.0	0.0	0.39823627	0.0	1.4415276	0.06282912	0.0	0.0	0.82459575
TACTGCCAGCAGGACT-1	0.8071124	0.0	1.9821126	0.0	0.0	1.3478078	1.4317608	0.0	0.0	1.9848962	0.3779334	0.0	0.0	0.13375348	0.27066115	0.0	0.0	0.38478392	0.0	1.625027	0.13336316	0.0	0.0	0.9792345
TACTGCCGTAGACGCA-1	0.0	0.083259076	0.0	0.7397972	0.042960577	0.0	0.0	0.33833432	0.65345085	0.0	0.0	0.107352756	0.0	0.10642291	0.2788764	0.0	0.0	0.079453066	0.43076134	0.0	0.396671	0.0	0.67729574	0.0
TAGACTGCAAGTAACA-1	0.7688938	0.0	2.0786934	0.0	0.0	1.3296696	1.4541214	0.0	0.0	2.090608	0.45486096	0.0	0.0	0.10842333	0.21708138	0.0	0.0	0.41274035	0.0	1.8587426	0.08370352	0.0	0.0	0.99118906
TAGCACATCTAGCAAC-1	0.0	0.05181448	0.0	0.80694956	0.06518823	0.0	0.0	0.41454226	0.7438095	0.0	0.0	0.050261293	0.0	0.1497764	0.29662582	0.0	0.0	0.035478443	0.5815026	0.0	0.41540918	0.0	0.6923487	0.0
TAGCATGCATTCTCGC-1	0.7715618	0.0	1.9681864	0.0	0.0	1.3035723	1.3727015	0.0	0.0	1.9274775	0.33494437	0.0	0.0	0.08861745	0.30583575	0.0	0.0	0.40909788	0.0	1.6296983	0.15549202	0.0	0.0	0.90819186
TAGCCCTGTCTCGGGT-1	0.6419015	0.0	1.7049575	0.0	0.0	1.169768	1.1860926	0.0	0.0	1.686936	0.2859455	0.0	0.0	0.06724405	0.25308415	0.0	0.0	0.32922336	0.0	1.4467093	0.15762213	0.0	0.0	0.75094503
TAGCCCTTCGATATGC-1	0.67377985	0.0	1.7590092	0.0	0.0	1.2013509	1.2667334	0.0	0.0	1.784361	0.35985717	0.0	0.0	0.12033413	0.24291447	0.0	0.0	0.36608016	0.0	1.4955091	0.10685576	0.0	0.0	0.80533665
TAGCCGGCAGGATAGC-1	0.69293845	0.0	1.7119863	0.0	0.0	1.2042043	1.2303989	0.0	0.0	1.8513507	0.3961176	0.0	0.0	0.121225156	0.25218326	0.0	0.0	0.47896367	0.0	1.462194	0.118090905	0.0	0.0	0.79120797
TAGCCGGTCGAGTTAC-1	0.21828681	0.0	0.0	0.47392195	0.0	0.11142752	0.0	0.32520157	0.34152573	0.0	0.0	0.125081	0.0	0.28981292	0.34725666	0.0	0.006869778	0.0	0.49820495	0.0	0.41405433	0.0	0.7802204	0.0
TAGCGGCAGATGTTCC-1	0.8510854	0.0	1.8035518	0.0	0.0	1.1786696	1.3030949	0.0	0.0	1.7186695	0.47680163	0.0	0.0	0.1273512	0.0	0.0005014576	0.0	0.15980531	0.0	1.3215944	0.0	0.06587833	0.0	0.78310233
TAGCGGCTCTGGTACA-1	0.0	0.013539454	0.0	0.64998794	0.001982905	0.0	0.0	0.32743	0.59832513	0.0	0.0	0.029351586	0.0	0.14125346	0.27853736	0.0	0.0	0.026725253	0.4426643	0.0	0.36689892	0.0	0.611906	0.0
TAGGAGGAGGACTAGC-1	0.0	0.018321635	0.0	0.6958066	0.0	0.0038224459	0.0	0.36187646	0.61334383	0.0	0.0	0.0076512154	0.0	0.16480032	0.32595685	0.0	0.0	0.03607806	0.4743725	0.0	0.3895355	0.0	0.6458555	0.0
TAGGTCAGTAGAATAC-1	0.0	0.008104704	0.0	0.8187628	0.035844915	0.0	0.0	0.4434524	0.75010115	0.0	0.0	0.047402486	0.0	0.2064966	0.34819856	0.0	0.04044586	0.0	0.66291744	0.0	0.4417226	0.0	0.8029385	0.0
TAGTCCCGTAGTTTGC-1	0.0	0.0339012	0.0	0.848631	0.0	0.0011472553	0.0	0.4349366	0.7937499	0.0	0.0	0.0753588	0.0	0.19139504	0.32616743	0.0	0.038400967	0.0	0.6609091	0.0	0.468674	0.0	0.7053387	0.0
TAGTCCCTCGTATAGC-1	0.0	0.07237376	0.0	0.75544184	0.09057008	0.0	0.0	0.3683385	0.6802601	0.0	0.0	0.08354074	0.0	0.08747183	0.2609456	0.0	0.0	0.041768156	0.50986844	0.0	0.32347897	0.0	0.6125217	0.0
TAGTCCCTCTTGGCCT-1	0.022830365	0.0	0.0	0.67911094	0.0	0.09339207	0.0	0.3159076	0.56668836	0.0	0.0008380357	0.0	0.0	0.20624793	0.3598322	0.0	0.0	0.022497825	0.51981616	0.0	0.45715362	0.0	0.666498	0.0
TATCGAGCACCCTTTG-1	0.026184058	0.0	0.0	0.7723451	0.0	0.08085356	0.0	0.36700273	0.67203987	0.0	0.0	0.018036306	0.0	0.22544777	0.36412677	0.0	0.043850426	0.0	0.6337957	0.0	0.4680326	0.0	0.75792503	0.0
TATCTGTCATCGGCCA-1	0.53904295	0.0	1.3605118	0.0	0.0	1.0555935	1.0755607	0.0	0.0	1.4354937	0.35558555	0.0	0.037868552	0.0	0.15668641	0.0	0.0	0.38579836	0.0	1.4620365	0.16869986	0.0	0.0	0.6260626
TATCTGTTCTCTGCGT-1	0.7314209	0.0	1.901998	0.0	0.0	1.2455682	1.3058989	0.0	0.0	1.917911	0.33508947	0.0	0.0	0.062068712	0.15427062	0.0	0.0	0.37244567	0.0	1.6007534	0.037737224	0.0	0.0	0.8850294
TATGTGGGTGTACGCC-1	0.0	0.07137115	0.0	0.7515043	0.0	0.080560766	0.0	0.36332577	0.7383061	0.0	0.030708628	0.0	0.0	0.16007726	0.33344162	0.0	0.12335694	0.0	0.5963514	0.0	0.40787262	0.0	0.7638078	0.0
TCAAAGCCAGCTTACA-1	0.7481487	0.0	1.7777286	0.0	0.0	1.2390846	1.3538477	0.0	0.0	1.8296793	0.15872885	0.0	0.0539158	0.0	0.4577213	0.0	0.0	0.6840596	0.0	1.4208738	0.0	0.06342329	0.0	0.74518573
TCAAAGCGTTCCCGGA-1	0.78658223	0.0	1.996013	0.0	0.0	1.1776066	1.6523978	0.0	0.0	1.9874165	0.6365739	0.0	0.0	0.21983966	0.0040106596	0.0	0.0	0.0040436685	0.0	1.8508781	0.098335095	0.0	0.0	1.1123087
TCAAGACGTCATGAGG-1	0.7625766	0.0	2.0236387	0.0	0.0	1.3983488	1.3553534	0.0	0.0	2.0868292	0.30765906	0.0	0.0	0.22406664	0.24386586	0.0	0.0	0.399275	0.0	1.6220149	0.1488165	0.0	0.0	0.83947074
TCACCACCAATGCCAT-1	0.5373386	0.0	0.55387765	0.0	0.0	0.6968661	0.48074883	0.0	0.0	0.67415893	0.24479361	0.0	0.0	0.25644234	0.4598025	0.0	0.0	0.5117025	0.0	0.49377495	0.27690956	0.0	0.0	0.0034209006
TCACCACTCGATGAAA-1	0.66636777	0.0	1.5963845	0.0	0.0	1.0987136	1.1033059	0.0	0.0	1.602368	0.2939159	0.0	0.0	0.031621903	0.2695712	0.0	0.0	0.2971919	0.0	1.3140858	0.15289128	0.0	0.0	0.73810726
TCACCTGTCGGATAAA-1	0.6894328	0.0	1.8015095	0.0	0.0	1.2021725	1.2446713	0.0	0.0	1.8026012	0.3576276	0.0	0.0	0.045985285	0.20781207	0.0	0.0	0.36056566	0.0	1.5012747	0.06701486	0.0	0.0	0.85600346
TCACTCGCAGCAATGG-1	0.590158	0.0	1.256041	0.0	0.0	0.98770744	0.94619507	0.0	0.0	1.3079046	0.29101086	0.0	0.0	0.12828577	0.29799736	0.0	0.0	0.36021745	0.0	1.0906802	0.18314049	0.0	0.0	0.4818407
TCAGGTAAGGAAGAAC-1	0.6902384	0.0	1.8158835	0.0	0.0	1.3549969	1.2542778	0.0	0.0	1.9200437	0.501902	0.0	0.0	0.21818583	0.36022115	0.0	0.0	0.54514384	0.0	1.9283633	0.22759676	0.0	0.0	1.0816777
TCAGTCCTCCCGATTC-1	0.6909279	0.0	1.7146392	0.0	0.0	1.1237093	1.1841373	0.0	0.0	1.7686117	0.27811453	0.0	0.0	0.053833853	0.24433768	0.0	0.0	0.45575774	0.0	1.4775192	0.052577734	0.0	0.0	0.78649724
TCAGTTTTCAGTGTGT-1	0.0	0.016536457	0.0	0.69053596	0.027517062	0.0	0.0	0.3366292	0.5896022	0.0	0.0	0.0350354	0.0	0.12651882	0.3030206	0.0	0.0	0.06778546	0.44947064	0.0	0.36326194	0.0	0.6064099	0.0
TCCAGAAAGTGTTCCA-1	0.91532105	0.0	1.8855184	0.0	0.0	1.4330416	1.2784607	0.0	0.0	1.9575036	0.37703577	0.0	0.0	0.20534989	0.16405858	0.0	0.0	0.654749	0.0	1.4894515	0.17727202	0.0	0.0	1.0817723
TCCAGAACATAGGCGA-1	0.0	0.013685776	0.0	0.8191393	0.019368317	0.0	0.0	0.4233221	0.7475962	0.0	0.0	0.054413166	0.0	0.18606259	0.29975405	0.0	0.051680062	0.0	0.6279778	0.0	0.4265516	0.0	0.7655604	0.0
TCCAGAAGTTAACCAC-1	0.0	0.061351858	0.0	0.7907994	0.0	0.12914944	0.0	0.32628384	0.84022135	0.0	0.0	0.022240441	0.0	0.115314506	0.22703896	0.0	0.1572859	0.0	0.613976	0.0	0.5814017	0.0	0.7148962	0.0
TCCCACACAGTTACAC-1	0.0	0.035520002	0.0	0.66034937	0.0	0.13362256	0.0	0.36209086	0.6670965	0.0	0.08937399	0.0	0.0	0.21999924	0.12536898	0.0	0.0	0.037437193	0.5245621	0.0	0.4631173	0.0	0.4316103	0.0
TCCGACTGTAGTATCC-1	0.0	0.016724298	0.0	0.7240227	0.09280667	0.0	0.0	0.3822937	0.6207004	0.0	0.0	0.035196964	0.0	0.12367062	0.29788768	0.0	0.0	0.045378048	0.49225134	0.0	0.3207313	0.0	0.64026415	0.0
TCGATTTAGGGTCTGA-1	0.50014144	0.0	0.6324288	0.0	0.0	0.7408002	0.42754528	0.0	0.0	0.5954587	0.06521095	0.0	0.0	0.3055098	0.6825119	0.0	0.0	0.78922355	0.0	0.73708004	0.25607187	0.0	0.11578339	0.0
TCGATTTCATTGAACC-1	0.0	0.021498831	0.0	0.5949385	0.0	0.0059210733	0.0	0.27888724	0.5339461	0.0	0.00548736	0.0	0.0	0.1105761	0.2037162	0.0	0.0	0.021025728	0.3496627	0.0	0.32090572	0.0	0.54057956	0.0
TCGATTTGTTTCCACC-1	0.0	0.039320298	0.0	0.80773824	0.032039233	0.0	0.0	0.43672198	0.722281	0.0	0.0	0.086859964	0.0	0.15694365	0.33874255	0.0	0.01720075	0.0	0.5806554	0.0	0.45283225	0.0	0.69845086	0.0
TCGCAGGAGTAATGTG-1	0.523922	0.0	1.3264701	0.0	0.0	0.9755066	0.9806455	0.0	0.0	1.3782244	0.27901936	0.0	0.0	0.017237915	0.21122111	0.0	0.0	0.22420402	0.0	1.0813996	0.13963217	0.0	0.0	0.60047394
TCGCAGGCAGTAACTC-1	0.7637064	0.0	1.9191582	0.0	0.0	1.2801336	1.3660462	0.0	0.0	1.9243158	0.3828893	0.0	0.0	0.11604815	0.26760206	0.0	0.0	0.36464366	0.0	1.6151596	0.10296099	0.0	0.0	0.8865719
TCGTTCGCAACGTACT-1	0.0	0.040282853	0.0	0.8110167	0.0	0.005158372	0.0	0.41041854	0.75935584	0.0	0.0	0.07687222	0.0	0.20662272	0.34586495	0.0	0.031887043	0.0	0.63304466	0.0	0.47127053	0.0	0.7748048	0.0
TCGTTCGTCGACTCGG-1	0.0	0.035618268	0.0	0.7843905	0.0	0.0076391622	0.0	0.37783656	0.6679523	0.0	0.0	0.0014456473	0.0	0.17892629	0.3248534	0.0	0.0	0.012666125	0.5420496	0.0	0.4427886	0.0	0.6884239	0.0
TCTCAGCTCTGAAAGA-1	0.85302895	0.0	1.7694227	0.0	0.0	1.2598461	1.4389027	0.0	0.0	1.5935078	0.29908848	0.0	0.0	0.1636189	0.13779695	0.0	0.0	0.38834152	0.0	1.341029	0.08883926	0.0	0.0	0.8682719
TGAATCGGTGGTGGTA-1	0.0	0.053804852	0.0	0.9642441	0.07602313	0.0	0.0	0.476513	0.86033493	0.0	0.0	0.02724955	0.0	0.21650313	0.3632362	0.0	0.1036064	0.0	0.78039646	0.0	0.49210605	0.0	0.8717381	0.0
TGACTCCGTAGCGAGT-1	0.0	0.080602765	0.0	0.9123168	0.0	0.06346204	0.0	0.388613	0.8691953	0.0	0.060958937	0.0	0.0	0.29378772	0.32983536	0.0	0.18622632	0.0	0.68988925	0.0	0.551141	0.0	0.8865218	0.0
TGACTCCTCTAGTCGA-1	0.5502322	0.0	1.7606335	0.0	0.0	1.1548696	1.2683982	0.0	0.0	1.6437614	0.24056499	0.0	0.0	0.056415614	0.31086424	0.0	0.0	0.37732613	0.0	1.4817138	0.0	0.06655437	0.0	0.77973795
TGAGCCGAGGAAGGTA-1	0.0	0.017368497	0.0	0.64386237	0.011225101	0.0	0.0	0.28732634	0.58308154	0.0	0.0	0.07630691	0.0	0.11232835	0.2813745	0.0	0.0	0.016773593	0.3809614	0.0	0.3564843	0.0	0.5627717	0.0
TGAGTCACACCACGAC-1	0.0	0.0044254996	0.0	0.64700454	0.0	0.0134223625	0.0	0.29988635	0.5449463	0.0	0.0	0.055994328	0.0	0.11465881	0.2882458	0.0	0.0	0.053727183	0.428511	0.0	0.3566673	0.0	0.5802621	0.0
TGATGCAAGTCGTACT-1	0.0	0.053775616	0.0	0.67901593	0.0	0.0202948	0.0	0.345839	0.6501673	0.0	0.0	0.12636428	0.0	0.26751012	0.34960222	0.0	0.0	0.010927506	0.41405162	0.0	0.32852322	0.0	0.62394226	0.0
TGATGCACAATGTGCT-1	0.027105192	0.0	0.0	0.8387822	0.12346352	0.0	0.0	0.24633859	0.69505584	0.0	0.12435415	0.0	0.0	0.18591268	0.16148433	0.0	0.0	0.32226658	0.43050516	0.0	0.1382527	0.0	0.70111674	0.0
TGCATGACACAAGTGG-1	0.0	0.16193125	0.0	0.8505733	0.14397398	0.0	0.0	0.2641121	0.5929897	0.0	0.0	0.094180405	0.0	0.092792585	0.3642106	0.0	0.0	0.16573112	0.46063393	0.0	0.2791437	0.0	0.62229115	0.0
TGCATGACAGTGCGAA-1	0.8293425	0.0	2.0716295	0.0	0.0	1.3825881	1.4660652	0.0	0.0	2.073367	0.39422268	0.0	0.0	0.16322218	0.28932387	0.0	0.0	0.4148349	0.0	1.7097936	0.10330409	0.0	0.0	0.9573515
TGCATTTCAAATTGAG-1	0.0	0.029278005	0.0	0.8166241	0.07143298	0.0	0.0	0.4222761	0.6836232	0.0	0.0	0.029861674	0.0	0.15936422	0.32701975	0.0	0.0	0.05970569	0.52296877	0.0	0.39974988	0.0	0.6873935	0.0
TGCATTTGTAACATAG-1	0.0	0.03708572	0.0	0.72346675	0.050661184	0.0	0.0	0.31371439	0.62380743	0.0	0.0	0.030488424	0.0	0.13979663	0.3029549	0.0	0.0	0.07300718	0.44350016	0.0	0.35517958	0.0	0.65838784	0.0
TGCATTTGTTCAGAAA-1	0.8313956	0.0	1.879707	0.0	0.0	1.3275752	1.3383988	0.0	0.0	1.8160117	0.040688977	0.0	0.0	0.26321143	0.24948658	0.0	0.0	0.5421398	0.0	1.6197283	0.21363169	0.0	0.0	0.5736832
TGCCTGTGTAGTTTGC-1	0.58186185	0.0	1.3895869	0.0	0.0	0.9842488	0.9655787	0.0	0.0	1.4634792	0.32295877	0.0	0.0	0.09811918	0.234491	0.0	0.0	0.29549998	0.0	1.1495978	0.10306742	0.0	0.0	0.59613913
TGCCTGTGTCGCTACG-1	0.7395054	0.0	0.32743865	0.0	0.0	0.7234086	0.40185806	0.0	0.0	0.76702434	0.4666981	0.0	0.0	0.4614038	0.35905543	0.0	0.0	0.41783226	0.0	0.41790238	0.4348446	0.0	0.0	0.0559727
TGCTATTAGGTTGTGG-1	0.0	0.046982728	0.0	0.66299945	0.048344724	0.0	0.0	0.3158467	0.7413588	0.0	0.0	0.13891414	0.0	0.105514325	0.23576133	0.0	0.0	0.017538175	0.47173655	0.0	0.3966922	0.0	0.62671995	0.0
TGCTCACAGCCGCTGT-1	0.0	0.012317317	0.0	0.7182513	0.042782284	0.0	0.0	0.3713962	0.6124769	0.0	0.0	0.025040999	0.0	0.14286321	0.30969125	0.0	0.0	0.0615741	0.47224608	0.0	0.37572768	0.0	0.6325046	0.0
TGCTCACAGGAGACTC-1	0.7541707	0.0	1.7634841	0.0	0.0	1.2028768	1.328377	0.0	0.0	1.7968671	0.41840333	0.0	0.0	0.16709045	0.31189945	0.0	0.0	0.36897495	0.0	1.4887998	0.101258844	0.0	0.0	0.77337074
TGCTCACAGGTTAGTA-1	0.057566546	0.0	0.0	0.8150376	0.0	0.0917676	0.0	0.074482635	0.7055181	0.0	0.27105707	0.0	0.0	0.46321642	0.31831056	0.0	0.0	0.045911625	0.68155456	0.0	0.24425182	0.0	0.6929692	0.0
TGCTCACCAAGTAATG-1	0.0143345725	0.0	0.0	0.6889347	0.0	0.010628529	0.0	0.32394692	0.60901153	0.0	0.0	0.04145718	0.0	0.148364	0.28622925	0.0	0.0	0.027190475	0.48661494	0.0	0.39415535	0.0	0.6259445	0.0
TGCTCGTAGGTCTTTG-1	0.54765	0.0	1.8834537	0.0	0.0	1.0991546	1.1604595	0.0	0.0	1.8241355	0.4588683	0.0	0.0	0.10942383	0.40779063	0.0	0.0	0.56578887	0.0	1.4861039	0.06467082	0.0	0.0	0.78299904
TGCTCGTCAACACGGA-1	0.80597204	0.0	1.956667	0.0	0.0	1.3132739	1.3853002	0.0	0.0	1.959599	0.39652896	0.0	0.0	0.13328674	0.28812858	0.0	0.0	0.45345724	0.0	1.6844314	0.08744948	0.0	0.0	0.9368113
TGCTTTAAGTAGCAAT-1	0.5285827	0.0	0.46900576	0.0	0.0	0.644027	0.55709106	0.0	0.0	0.7944043	0.27698684	0.0	0.0	0.2520757	0.56789505	0.0	0.0	0.574243	0.0	0.39580715	0.0709647	0.0	0.083633915	0.0
TGCTTTACATGGTATC-1	0.5588753	0.0	0.69510955	0.0	0.0	0.79832304	0.5950376	0.0	0.0	0.8132526	0.26096627	0.0	0.0	0.28655094	0.47509512	0.0	0.0	0.48637995	0.0	0.6220686	0.3019996	0.0	0.0	0.07614535
TGGAAGGAGCAGTAGC-1	0.6856634	0.0	0.958909	0.0	0.0	0.66998607	0.79102224	0.0	0.0	1.1877992	0.5835942	0.0	0.0	0.28162837	0.56871784	0.0	0.0	0.55653477	0.0	0.8091565	0.12191186	0.0	0.0	0.36952987
TGGAAGGGTTGTATCG-1	0.78888166	0.0	2.0361278	0.0	0.0	1.5150208	1.3478929	0.0	0.0	2.018813	0.29696593	0.0	0.0	0.16676107	0.2708253	0.0	0.0	0.51061594	0.0	1.5614607	0.23763004	0.0	0.0	1.0143644
TGGAAGGTCTATGAGC-1	0.7344924	0.0	1.850214	0.0	0.0	1.2434845	1.2809744	0.0	0.0	1.8576258	0.3903176	0.0	0.0	0.09973179	0.2564231	0.0	0.0	0.40221393	0.0	1.567801	0.12595557	0.0	0.0	0.90996426
TGGACATGTTCTACCC-1	0.831542	0.0	2.005736	0.0	0.0	1.271053	1.5569756	0.0	0.0	2.0071197	0.6839854	0.0	0.0	0.24592724	0.33166838	0.0	0.0	0.29820934	0.0	1.6527597	0.13864176	0.0	0.0	0.9883986
TGGCCTTAGCAACGGT-1	0.0017148722	0.0	0.0	0.82453126	0.06254312	0.0	0.0	0.40163025	0.71849334	0.0	0.0	0.0409619	0.0	0.18194667	0.31667322	0.0	0.008632142	0.0	0.62188596	0.0	0.374969	0.0	0.70260245	0.0
TGGTCAAGTTGAAGCG-1	0.6028598	0.0	1.5585623	0.0	0.0	1.0625066	1.0619262	0.0	0.0	1.6237326	0.24492891	0.0	0.0	0.0123742875	0.20528881	0.0	0.0	0.33484155	0.0	1.2850535	0.08241965	0.0	0.0	0.6754463
TGGTCCTCATGTATCG-1	0.0	0.03006391	0.0	0.8586472	0.012778074	0.0	0.0	0.43489897	0.77482116	0.0	0.0	0.07620012	0.0	0.181267	0.39274138	0.0	0.045602445	0.0	0.63343245	0.0	0.51086205	0.0	0.8220457	0.0
TGTAAGCCAAGTCCTA-1	0.0	0.011754425	0.0	0.78507376	0.05946138	0.0	0.0	0.41029614	0.6886475	0.0	0.0	0.08078635	0.0	0.14902906	0.2846947	0.0	0.0	0.0837784	0.51070905	0.0	0.37357622	0.0	0.64014554	0.0
TGTACAGAGACCCTAT-1	0.0041802227	0.0	0.0	0.70504075	0.0	0.033454508	0.0	0.34359923	0.60966164	0.0	0.0	0.027684448	0.0	0.16863404	0.32979664	0.0	0.0	0.023803905	0.49376082	0.0	0.41648948	0.0	0.68149453	0.0
TGTACAGGTGATAGAT-1	0.5939594	0.0	1.7120327	0.0	0.0	1.1494392	1.2208897	0.0	0.0	1.768165	0.29833418	0.0	0.08426286	0.0	0.36033165	0.0	0.0	0.33275676	0.0	1.3651589	0.10392092	0.0	0.0	0.8723909
TGTACGAGTCAACAGG-1	0.0	0.017140744	0.0	0.7444925	0.004084751	0.0	0.0	0.3782465	0.6569021	0.0	0.0	0.041964155	0.0	0.16019253	0.31030598	0.0	0.0	0.005010821	0.5281369	0.0	0.4212152	0.0	0.67747384	0.0
TGTACGATCGAGGTCC-1	0.92065287	0.0	2.0021584	0.0	0.0	1.4700438	1.5357245	0.0	0.0	1.8574635	0.56412643	0.0	0.0	0.23740165	0.4961164	0.0	0.0	0.43412802	0.0	1.7876648	0.21048921	0.0	0.0	0.7256708
TGTAGCAAGATATGTG-1	0.0012948066	0.0	0.0	0.8184328	0.031399395	0.0	0.0	0.42217097	0.73628163	0.0	0.0	0.05442715	0.0	0.1688806	0.3423364	0.0	0.020115439	0.0	0.62348163	0.0	0.43704265	0.0	0.7305424	0.0
TTACCGCGTCGTAGTT-1	0.0	0.034691103	0.0	0.6293513	0.0136679225	0.0	0.0	0.28162032	0.5144602	0.0	0.0	0.017642202	0.0	0.07638145	0.27165595	0.0	0.0	0.041187305	0.37263224	0.0	0.32914272	0.0	0.53379804	0.0
TTACGGACAACTCCCT-1	0.018831704	0.0	0.0	0.82243794	0.0	0.0560626	0.0	0.37034047	0.7080188	0.0	0.0	0.20086737	0.0	0.07892073	0.22092324	0.0	0.0	0.13785677	0.5481886	0.0	0.37046793	0.0	0.6609913	0.0
TTACGGACATTTGTTC-1	0.68596244	0.0	1.6786532	0.0	0.0	1.1673586	1.2095957	0.0	0.0	1.6877527	0.33255997	0.0	0.0	0.11765829	0.26223508	0.0	0.0	0.36604634	0.0	1.4103153	0.12583345	0.0	0.0	0.7598397
TTACGTTTCGGTCGAC-1	0.03832754	0.0	0.0	0.63838595	0.0	0.10525472	0.0	0.27857178	0.5398042	0.0	0.0	0.018917665	0.0	0.1898615	0.35924184	0.0	0.0	0.047610857	0.47646222	0.0	0.41678175	0.0	0.64644647	0.0
TTACTCATCATGCTTT-1	0.5622472	0.0	1.6652871	0.0	0.0	0.9967477	0.97883415	0.0	0.0	1.4679916	0.25976604	0.0	0.0	0.17072473	0.049539927	0.0	0.0	0.13007767	0.0	1.3903387	0.11605016	0.0	0.0	0.7641471
TTACTCATCTTATCAC-1	0.046410747	0.0	0.0	0.69071394	0.0	0.09951266	0.0	0.3116308	0.59155875	0.0	0.0	0.0039075557	0.0	0.22109011	0.37414914	0.0	0.008100208	0.0	0.5119133	0.0	0.46349034	0.0	0.7009477	0.0
TTACTTGCAGCGCGTT-1	0.033284396	0.0	0.0	0.6828387	0.0	0.034244142	0.0	0.3313137	0.6051711	0.0	0.0	0.014396016	0.0	0.20653631	0.34424597	0.0	0.0	0.018363722	0.51446426	0.0	0.4189009	0.0	0.6864759	0.0
TTACTTGGTGCATCAT-1	0.06347522	0.0	0.0	0.6203589	0.0	0.11990293	0.0	0.26752147	0.52162397	0.0	0.01200402	0.0	0.0	0.22470213	0.38551247	0.0	0.0	0.03594729	0.47512946	0.0	0.44701776	0.0	0.65190643	0.0
TTAGCTTGTATGTCCA-1	0.0	0.052951917	0.0	0.75203127	0.123945855	0.0	0.0	0.43440744	0.6615147	0.0	0.0	0.12842172	0.0	0.066600546	0.37794423	0.0	0.029118981	0.0	0.43798614	0.0	0.4259391	0.0	0.6055974	0.0
TTAGGTGCACCGTTGG-1	0.0	0.04028465	0.0	0.69656724	0.0	0.013698205	0.0	0.34834743	0.6236179	0.0	0.0	0.041467234	0.0	0.14545195	0.27688655	0.0	0.0	0.052700095	0.45225963	0.0	0.36380506	0.0	0.62116706	0.0
TTAGGTGGTTTAAGGA-1	0.048872836	0.0	0.0	0.6873802	0.0	0.10705573	0.0	0.3145211	0.60084575	0.0	0.012974294	0.0	0.0	0.24445365	0.39935994	0.0	0.0	0.03328731	0.5837661	0.0	0.5038449	0.0	0.6740198	0.0
TTATGTCCATTACTTC-1	0.0	0.048205763	0.0	0.6796474	0.03495546	0.0	0.0	0.32348368	0.5731733	0.0	0.0	0.060846955	0.0	0.101880446	0.29248333	0.0	0.0	0.05455331	0.40203923	0.0	0.35579172	0.0	0.5887142	0.0
TTATGTCTCCTCAAGA-1	0.49586546	0.0	0.5369769	0.0	0.0	0.7568773	0.5306939	0.0	0.0	0.72204745	0.32797948	0.0	0.0	0.2725243	0.46542943	0.0	0.0	0.5082136	0.0	0.5979966	0.31722105	0.0	0.0	0.0017351024
TTCATCATCTGTCGGG-1	0.031612437	0.0	0.0	0.84845895	0.22226286	0.0	0.0	0.50486535	0.67870367	0.0	0.023639495	0.0	0.0	0.13049072	0.38196468	0.0	0.12747212	0.0	0.31627327	0.0	0.40190327	0.0	0.5232081	0.0
TTCGATTCATCTCTCG-1	0.0	0.05717154	0.0	0.7374701	0.023528256	0.0	0.0	0.3345939	0.66199774	0.0	0.0	0.08399858	0.0	0.1158871	0.24361748	0.0	0.0	0.047423806	0.4373767	0.0	0.37848982	0.0	0.5810712	0.0
TTCGCGTGTACGAGAC-1	0.65705913	0.0	1.6239045	0.0	0.0	1.1167276	1.1606865	0.0	0.0	1.6539872	0.32416022	0.0	0.0	0.051336206	0.18653633	0.0	0.0	0.33313563	0.0	1.3675039	0.08486591	0.0	0.0	0.75764847
TTCGCGTGTGCATTCA-1	0.0	0.023547376	0.0	0.6912174	0.036824018	0.0	0.0	0.32453984	0.6201718	0.0	0.0	0.025062202	0.0	0.12905978	0.2818241	0.0	0.0	0.038651813	0.45339227	0.0	0.34975064	0.0	0.64360046	0.0
TTCGCGTGTTAGGCTT-1	0.50881565	0.0	0.55886275	0.0	0.0	0.70697415	0.53079826	0.0	0.0	0.7181611	0.29339838	0.0	0.0	0.30078197	0.50577354	0.0	0.0	0.4729435	0.0	0.5691878	0.27219903	0.0	0.0	0.009260792
TTCTAACGTGCGTTTA-1	0.6068276	0.0	0.7330126	0.0	0.0	0.84022087	0.6520209	0.0	0.0	0.8696096	0.28769115	0.0	0.0	0.32835495	0.53826797	0.0	0.0	0.53716534	0.0	0.6350216	0.34836477	0.0	0.0	0.06595342
TTCTGTAGTTTAGGAA-1	0.6446139	0.0	1.7142812	0.0	0.0	1.1373491	1.2121084	0.0	0.0	1.7519178	0.32225496	0.0	0.0	0.08541849	0.25961187	0.0	0.0	0.35581368	0.0	1.4363755	0.08979258	0.0	0.0	0.7594735
TTGACGACATCGCTAA-1	0.5856779	0.0	0.63469756	0.0	0.0	0.7517505	0.60283965	0.0	0.0	0.7834514	0.28335404	0.0	0.0	0.29452604	0.49984744	0.0	0.0	0.46876565	0.0	0.55092305	0.27689365	0.0	0.0	0.02959067
TTGACGATCGGCATAT-1	0.0	0.028605899	0.0	0.69383144	0.029703848	0.0	0.0	0.31657293	0.5886131	0.0	0.0	0.043050453	0.0	0.10336557	0.2604426	0.0	0.0	0.059032343	0.3855009	0.0	0.34228826	0.0	0.5886648	0.0
TTGAGCAGTCTCTGGG-1	0.740956	0.0	1.9469336	0.0	0.0	1.3241408	1.3785716	0.0	0.0	1.8770744	0.34062287	0.0	0.0	0.09144401	0.24079561	0.0	0.0	0.3400431	0.0	1.6642346	0.12505522	0.0	0.0	0.8703716
TTGAGTGTCTTGTACT-1	0.8035043	0.0	1.7372802	0.0	0.0	1.2398473	1.2703317	0.0	0.0	1.6857588	0.35751316	0.0	0.0	0.20130947	0.4032259	0.0	0.0	0.4615031	0.0	1.5303936	0.20064405	0.0	0.0	0.6930484
TTGCACCAGATATGTG-1	0.45905972	0.0	1.1363758	0.0	0.0	0.909237	0.78048843	0.0	0.0	1.1688551	0.2016877	0.0	0.0	0.048149332	0.1944131	0.0	0.0	0.31502536	0.0	0.97229755	0.12626432	0.0	0.0	0.47642353
TTGCAGAAGCATGATA-1	0.0	0.027313853	0.0	0.8073133	0.0	0.008354627	0.0	0.39696956	0.7059278	0.0	0.0	0.057680883	0.0	0.19152303	0.38254458	0.0	0.0	0.0029520392	0.60036653	0.0	0.45818707	0.0	0.77300304	0.0
TTGCCCACAAGGTTCT-1	0.0	0.046242192	0.0	0.74480164	0.0020523593	0.0	0.0	0.37011474	0.68253326	0.0	0.0	0.027555129	0.0	0.13378839	0.25720456	0.0	0.008492868	0.0	0.52326745	0.0	0.38979644	0.0	0.64677155	0.0
TTGCGAAGTAGCATGG-1	0.0	0.009275198	0.0	0.7991018	0.009174272	0.0	0.0	0.40259978	0.72398436	0.0	0.0	0.06246219	0.0	0.1831449	0.36041215	0.0	0.014634054	0.0	0.6218796	0.0	0.45635265	0.0	0.75626224	0.0
TTGCGAATCCAGAATC-1	0.0	0.057345346	0.0	0.8988936	0.06775905	0.0	0.0	0.44479033	0.7698727	0.0	0.0	0.048599645	0.0	0.157784	0.3412245	0.0	0.07517016	0.0	0.66215837	0.0	0.4333118	0.0	0.7445659	0.0
TTGCGGGAGTTCGCGC-1	0.69004184	0.0	0.8987106	0.0	0.0	0.9690487	0.53974515	0.0	0.0	1.0673122	0.34609348	0.0	0.0	0.39607155	0.48870784	0.0	0.0	0.43114793	0.0	0.73095965	0.45872715	0.0	0.0	0.33518645
TTGCGGGCAGTAACTC-1	0.431823	0.0	0.41458827	0.0	0.0	0.64703554	0.41047487	0.0	0.0	0.5210147	0.19265914	0.0	0.0	0.24358125	0.44086406	0.0	0.0	0.4138877	0.0	0.40582916	0.31777218	0.0	0.060030375	0.0
TTGGTCCAGCAGGACT-1	0.00715473	0.0	0.0	0.62700206	0.075450644	0.0	0.0	0.2974815	0.55892867	0.0	0.0	0.10864441	0.0	0.08712214	0.39426032	0.0	0.076222345	0.0	0.58192855	0.0	0.36851645	0.0	0.67214805	0.0
TTGGTCCGTACGTATC-1	0.61262614	0.0	1.624417	0.0	0.0	1.1455297	1.1102833	0.0	0.0	1.6843011	0.26728466	0.0	0.0	0.02017912	0.28287888	0.0	0.0	0.4148621	0.0	1.3589545	0.11457995	0.0	0.0	0.70329916
TTGTTGTAGTGAGCAC-1	0.82455236	0.0	1.995484	0.0	0.0	1.359746	1.4886378	0.0	0.0	2.019697	0.4231059	0.0	0.0	0.17624627	0.32364637	0.0	0.0	0.37398428	0.0	1.6774954	0.07801245	0.0	0.0	0.94120234
TTTGCGCAGTCTCCAA-1	0.16577613	0.0	0.0	0.26069582	0.0	0.2384468	0.0	0.059754934	0.1735422	0.0	0.031282216	0.0	0.0	0.19835567	0.3895869	0.0	0.0	0.079189226	0.17577091	0.0	0.35515124	0.0	0.46479568	0.0
TTTGCGCGTTAACTCG-1	0.0	0.05209648	0.0	0.8279582	0.084666334	0.0	0.0	0.451135	0.7463104	0.0	0.0	0.06454174	0.0	0.1705839	0.30425054	0.0	0.054178488	0.0	0.6180771	0.0	0.39181286	0.0	0.74194205	0.0
TTTGCGCGTTCTACCC-1	0.79622674	0.0	1.9318411	0.0	0.0	1.2986089	1.399737	0.0	0.0	1.9341218	0.3821082	0.0	0.0	0.16458417	0.3422994	0.0	0.0	0.38101715	0.0	1.6233153	0.12024613	0.0	0.0	0.8675269
TTTGGCCAGATCTAAG-1	0.78579044	0.0	1.9071265	0.0	0.0	1.2768826	1.4116769	0.0	0.0	1.863862	0.3989486	0.0	0.0	0.13116351	0.25871992	0.0	0.0	0.32027984	0.0	1.6473066	0.10327447	0.0	0.0	0.8783553
TTTGGCCAGTACAGAT-1	0.7076138	0.0	1.8008131	0.0	0.0	1.2210749	1.2812706	0.0	0.0	1.7937591	0.32815695	0.0	0.0	0.09493401	0.2861959	0.0	0.0	0.37145168	0.0	1.4834132	0.09618029	0.0	0.0	0.8144769
TTTGGCCAGTGCTCGC-1	0.0	0.025181113	0.0	0.69877666	0.0	0.047221117	0.0	0.24924217	0.6447159	0.0	0.034629256	0.0	0.0	0.14882293	0.24064124	0.0	0.0	0.035656437	0.5211375	0.0	0.2733982	0.0	0.6357442	0.0
TTTGGCCGTCCCGTGA-1	0.71864676	0.0	1.814184	0.0	0.0	1.2539018	1.3384011	0.0	0.0	1.8456541	0.3968134	0.0	0.0	0.1472265	0.25276896	0.0	0.0	0.3769813	0.0	1.5746084	0.08103281	0.0	0.0	0.8170258
TTTGGTTCAGAGATGC-1	0.70710826	0.0	0.9218807	0.0	0.0	0.9885835	0.79275525	0.0	0.0	1.0173724	0.37163466	0.0	0.0	0.3535828	0.50759524	0.0	0.0	0.52416945	0.0	0.825323	0.31336924	0.0	0.0	0.14832108
