annot_dim	source_dim	half	n_nonzero_cells	n_lifted	corr_min	corr_max
dim_0_pos	dim_0	pos	314	4783	-0.6017853617668152	0.5283451080322266
dim_0_neg	dim_0	neg	168	4781	-0.2686741352081299	0.4115203619003296
dim_1_pos	dim_1	pos	253	4783	-0.6151682138442993	0.5727676153182983
dim_1_neg	dim_1	neg	229	4783	-0.4732409119606018	0.6163820624351501
dim_2_pos	dim_2	pos	138	4782	-0.22486945986747742	0.4300672709941864
dim_2_neg	dim_2	neg	344	4783	-0.620351254940033	0.5479302406311035
dim_3_pos	dim_3	pos	253	4783	-0.6121726632118225	0.5657970309257507
dim_3_neg	dim_3	neg	229	4783	-0.46858930587768555	0.6085271835327148
dim_4_pos	dim_4	pos	229	4783	-0.4721831977367401	0.6160893440246582
dim_4_neg	dim_4	neg	253	4783	-0.6158785820007324	0.5667596459388733
dim_5_pos	dim_5	pos	288	4783	-0.5712351202964783	0.5301682353019714
dim_5_neg	dim_5	neg	194	4782	-0.3115452229976654	0.47415027022361755
dim_6_pos	dim_6	pos	8	4783	-0.11359751224517822	0.6828161478042603
dim_6_neg	dim_6	neg	474	4784	-0.23073923587799072	0.4614735245704651
dim_7_pos	dim_7	pos	481	4784	-0.2509925663471222	0.47224417328834534
dim_7_neg	dim_7	neg	1	4783	-0.06120724231004715	0.5761498212814331
dim_8_pos	dim_8	pos	82	4780	-0.17639467120170593	0.40678977966308594
dim_8_neg	dim_8	neg	400	4783	-0.5371741652488708	0.45564478635787964
dim_9_pos	dim_9	pos	229	4783	-0.464011013507843	0.6080484986305237
dim_9_neg	dim_9	neg	253	4783	-0.6141120195388794	0.5662033557891846
dim_10_pos	dim_10	pos	470	4783	-0.5220062136650085	0.604669988155365
dim_10_neg	dim_10	neg	12	4783	-0.11986208707094193	0.6641735434532166
dim_11_pos	dim_11	pos	240	4783	-0.47285255789756775	0.6053314805030823
dim_11_neg	dim_11	neg	242	4783	-0.5954303741455078	0.5730182528495789
