barcode	frip_stratum	signal_stratum	duplicate_stratum	n_fragment	peak_region_fragments	TSS_fragments	frip	tss_fraction
AAACTGCAGACTCGGA-1	low	low.promoter	moderate	8730	6050	4522	0.693012600229095	0.5179839633447881
AAAGATGCACCTATTT-1	low	low.distal	moderate	14493	9379	7095	0.6471399986200235	0.48954667770647897
AAAGATGCAGATACAA-1	high	high.distal	strong	27525	21093	16655	0.7663215258855586	0.6050862851952771
AAAGGGCTCGCTCTAC-1	low	low.distal	strong	27870	18029	13658	0.6468963042698241	0.4900609974883387
AAATGAGAGTCCCGCA-1	low	low.distal	weak	7473	4922	3569	0.6586377626120701	0.47758597618091797
AACAAAGCACCCATCT-1	high	high.distal	strong	7297	5598	4217	0.7671645881869261	0.5779087296149102
AACCAACTCAGCCGGT-1	mid	mid.promoter	moderate	16343	12140	9796	0.7428256746007464	0.5994003548920027
AACCGATTCCAGGTCG-1	high	high.distal	moderate	15977	12220	9709	0.7648494711147275	0.6076860486949991
AACCTGAAGTCACGCC-1	low	low.distal	weak	19613	12207	9080	0.6223933105593229	0.46295824198235863
AACCTGAGTTAGGAGC-1	high	high.distal	weak	22472	16942	13996	0.7539159843360627	0.6228195087219651
AACCTTTAGTAGTCGG-1	low	low.distal	strong	32677	16812	14113	0.5144903142883374	0.4318939927165896
AACCTTTCAGTAGTCT-1	low	low.promoter	strong	21462	14438	11721	0.6727238840741776	0.5461280402571987
AACCTTTGTAGAACGC-1	low	low.promoter	weak	24605	16241	13517	0.6600690916480391	0.5493598862019915
AACGAGGTCTCATCCG-1	mid	mid.distal	strong	11158	8010	5953	0.717870586126546	0.5335185517117763
AACGGGACATTCGTCC-1	high	high.promoter	strong	25141	19609	16845	0.779961019848057	0.6700210811025814
AACGGGAGTTTAGACC-1	low	low.distal	strong	28219	16974	12707	0.6015096211772211	0.45029944363726565
AACGGGATCCGGCGAT-1	mid	mid.promoter	moderate	25708	19022	16398	0.7399253150770189	0.6378559203360822
AACGGGATCCTCAAGA-1	low	low.promoter	moderate	22710	15246	11365	0.671334214002642	0.5004403346543373
AACGTACCAATCAGGG-1	high	high.distal	strong	9276	6987	5258	0.7532341526520052	0.566839154808107
AACGTACCAATGAAAC-1	low	low.distal	strong	30467	19950	14690	0.6548068401877442	0.4821610266846096
AACTGGTTCACAGGGA-1	high	high.promoter	moderate	12906	10009	8261	0.7755307608864094	0.6400898806756548
AACTGTGGTACGGAGT-1	mid	mid.promoter	moderate	21972	15865	13442	0.722055343164027	0.6117786273438922
AAGATAGGTAAAGGCC-1	low	low.distal	moderate	7215	3995	3032	0.5537075537075538	0.4202356202356202
AAGGAGCCAACTGCGC-1	low	low.distal	moderate	8093	5225	3941	0.6456196713208946	0.4869640430001236
AAGGAGCCATGGTATC-1	low	low.distal	weak	17662	11555	8763	0.6542294190918356	0.4961499263956517
AAGGTTCCAATTCGTG-1	high	high.promoter	strong	25482	18955	16141	0.7438584098579389	0.6334275174633074
AATGCCACATAAAGTG-1	mid	mid.distal	moderate	9737	7051	5102	0.72414501386464	0.5239806922049912
AATGCCAGTGCGTGTC-1	low	low.distal	weak	4004	2307	1896	0.5761738261738262	0.47352647352647353
AATGGAATCTGATCCC-1	high	high.distal	strong	6330	4858	3652	0.7674565560821485	0.5769352290679305
AATGGCTGTCAGCAAG-1	low	low.distal	weak	20815	13043	10267	0.6266154215709825	0.4932500600528465
AATGTCGCATCTCTCG-1	mid	mid.distal	strong	13795	9786	7174	0.7093874592243566	0.5200434940195723
AATGTCGGTTTCACCC-1	mid	mid.promoter	strong	26085	19319	16839	0.7406172129576385	0.6455434157561817
ACAAACCTCTGGCTAA-1	high	high.distal	strong	31340	23378	19577	0.7459476707083599	0.6246649649010849
ACAAGCTAGTCTGCTA-1	mid	mid.promoter	moderate	26801	19708	15811	0.7353456960561173	0.5899406738554531
ACAAGCTCATTTCACT-1	low	low.promoter	strong	20068	13800	11345	0.6876619493721348	0.5653278851903528
ACAAGCTGTAGAACGC-1	mid	mid.distal	strong	9198	6759	5003	0.7348336594911937	0.5439225918677973
ACAAGCTGTCACCCGA-1	low	low.distal	strong	19319	12602	9125	0.652311196231689	0.4723329364873958
ACAAGCTGTCGCTAGC-1	mid	mid.promoter	weak	22409	16225	13334	0.7240394484358963	0.5950287830782275
ACAATCGAGAAACGCC-1	high	high.distal	weak	13371	10064	8387	0.7526736968065216	0.6272530102460548
ACAATCGTCTCGTAGA-1	mid	mid.distal	strong	5433	4006	3156	0.7373458494386159	0.5808945334069575
ACAGACTTCGCTGATA-1	low	low.distal	weak	5543	3542	2526	0.6390041493775933	0.4557099043839076
ACAGACTTCTATCCTA-1	high	high.promoter	weak	14219	11120	9531	0.782052183697869	0.6703003024122652
ACATGGTTCTGAGTCA-1	low	low.promoter	weak	5830	4018	2948	0.6891938250428816	0.5056603773584906
ACCTGCTAGTTCGTTG-1	high	high.distal	strong	29715	22144	18045	0.7452128554602053	0.607269056032307
ACCTGCTCACTCCCAT-1	mid	mid.distal	weak	5470	3983	3038	0.7281535648994516	0.5553930530164534
ACGGATTCAACTTGGT-1	mid	mid.promoter	moderate	18554	12967	11277	0.6988789479357551	0.6077934677158564
ACGGATTCATGTAGAA-1	high	high.promoter	moderate	3960	3084	2579	0.7787878787878788	0.6512626262626262
ACTACCCGTCCTCAGG-1	low	low.distal	moderate	13344	5607	5180	0.42018884892086333	0.388189448441247
ACTAGGTCACGCGTTG-1	low	low.promoter	strong	14198	9308	8250	0.6555852937033385	0.5810677560219749
ACTGCGGAGTGAATAC-1	low	low.promoter	strong	18441	12638	9253	0.6853207526706795	0.5017623773114256
ACTGTCCTCTCTTAAC-1	mid	mid.distal	strong	15348	10911	7946	0.7109069585613761	0.5177221787855095
ACTTTCATCCTAAGTG-1	low	low.distal	weak	292637	63627	74265	0.2174263678208839	0.2537785720876034
AGACAAACAGTAGTCT-1	mid	mid.distal	weak	4317	3156	2327	0.7310632383599722	0.5390317350011582
AGACAAATCCAGTACA-1	high	high.distal	moderate	26981	20269	16139	0.7512323486898188	0.5981616693228569
AGATAGAAGTTCGTTG-1	low	low.promoter	moderate	14394	9925	7334	0.6895234125329999	0.5095178546616645
AGCCAGCTCGGTACTA-1	mid	mid.promoter	strong	31041	22165	19348	0.714055603878741	0.6233046615766245
AGCCTCTGTGTCCTTC-1	low	low.promoter	weak	27495	18418	16083	0.6698672485906528	0.5849427168576105
AGCCTGGGTGCTGTGC-1	high	high.promoter	weak	17292	12870	11085	0.7442748091603053	0.6410478834142956
AGCCTGGTCGGATCGC-1	high	high.promoter	strong	14636	11587	9194	0.7916780541131456	0.6281770975676414
AGCCTTCGTACTTGAC-1	low	low.distal	weak	15842	10154	7363	0.6409544249463451	0.4647771745991668
AGCGTATAGTTCAGGG-1	mid	mid.promoter	strong	24246	17906	15244	0.7385135692485358	0.6287222634661388
AGCGTATCAGGTCCTG-1	high	high.distal	strong	7476	5700	4234	0.7624398073836276	0.5663456393793472
AGCGTGCAGGTGTTGG-1	low	low.distal	moderate	19281	12638	9400	0.6554639282194907	0.48752658057154713
AGCTATGGTGTCGTCG-1	high	high.promoter	strong	25406	18963	16411	0.7463984885460128	0.6459497756435487
AGCTGATGTCGAGGAT-1	high	high.distal	weak	8872	6819	5376	0.7685978358881875	0.60595130748422
AGGACGAGTACCCATA-1	low	low.promoter	weak	6205	4191	3092	0.675423045930701	0.49830781627719584
AGGCCCACAGTGGTCC-1	high	high.distal	moderate	4373	3481	2543	0.7960210381888864	0.5815229819345987
AGGCCTGAGTCGACCC-1	low	low.distal	moderate	17764	10686	8255	0.6015537041206935	0.46470389551902724
AGGCCTGGTAACGGAC-1	high	high.promoter	moderate	16220	13048	11534	0.8044389642416769	0.7110974106041924
AGGCCTGGTAGACGCA-1	high	high.distal	moderate	2265	1777	1325	0.7845474613686534	0.5849889624724062
AGGCCTGTCTTAATCC-1	high	high.distal	strong	6352	4793	3402	0.7545654911838791	0.5355793450881612
AGGCGAATCGATTACG-1	mid	mid.promoter	strong	21426	15872	12844	0.7407822272005974	0.5994586016988706
AGTCAACAGTTGGAAT-1	mid	mid.promoter	moderate	29426	20728	17956	0.7044110650445184	0.6102086590090396
AGTCCGGAGTATACGA-1	low	low.promoter	weak	3362	2188	1727	0.6508030933967877	0.5136823319452707
AGTGCCGCACAGATGG-1	high	high.promoter	weak	11215	8413	7083	0.7501560410164958	0.6315648684797147
AGTGTACCATAGCAGG-1	low	low.distal	strong	20091	13391	9755	0.6665173460753572	0.48554078940819273
AGTTACGCATGGTATC-1	low	low.distal	weak	8013	4561	3446	0.5692000499188818	0.43005116685386247
ATAGGCTTCTATACCT-1	high	high.distal	strong	5605	4215	3212	0.752007136485281	0.5730597680642283
ATCCAGAGTCAGCTTA-1	mid	mid.promoter	moderate	23676	16764	13819	0.7080587937151546	0.5836712282480149
ATCCCTGGTATATGGA-1	low	low.distal	moderate	11144	7426	5422	0.666367552045944	0.48653984206748024
ATCCCTGTCGTGCTTC-1	high	high.distal	weak	22766	17177	13768	0.7545023280330317	0.6047614864271281
ATCCTCGCAATAGCGG-1	mid	mid.promoter	weak	20986	14983	12767	0.7139521585819117	0.6083579529209949
ATCCTGCAGGTTGACG-1	mid	mid.promoter	weak	19016	13721	11385	0.7215502734539335	0.5987063525452251
ATCCTGCCAGCCACGT-1	mid	mid.promoter	weak	13860	10053	8536	0.7253246753246754	0.6158730158730159
ATCCTGCTCTTCTTCC-1	mid	mid.promoter	moderate	26388	19587	15558	0.742269213278763	0.5895861755343338
ATGTACGAGTCCTTCC-1	mid	mid.promoter	weak	18578	13750	11645	0.7401227258047153	0.6268166648724297
ATGTACGTCAATTCCT-1	high	high.distal	strong	20836	15642	13044	0.750719907851795	0.6260318679209061
ATGTCGAGTACGACCC-1	mid	mid.promoter	weak	15593	11092	9285	0.7113448342204836	0.5954595010581671
ATGTTTCAGCACCATT-1	high	high.distal	strong	5443	4226	3162	0.7764100679772185	0.5809296343927981
ATTACCTAGTCGGGAT-1	mid	mid.promoter	strong	23772	17354	14558	0.7300185091704526	0.6124011442032643
ATTCGTTCAGTTACAC-1	mid	mid.promoter	strong	24133	17745	15077	0.7353002113288858	0.6247461981519081
ATTGTCTAGTGATTAG-1	mid	mid.promoter	strong	21379	15360	12400	0.718462042190935	0.580008419477057
ATTGTCTGTACTTCAG-1	high	high.promoter	strong	19836	15111	12878	0.7617967332123412	0.6492236337971365
CAAAGCTAGGAAGGTA-1	mid	mid.promoter	strong	23144	16939	13956	0.7318959557552713	0.603007258900795
CAACCAAAGTGAGTTA-1	low	low.promoter	weak	10321	6881	5165	0.6666989632787521	0.5004360042631528
CAACCAACATCCCGGA-1	low	low.distal	weak	33929	6117	6921	0.18028824899053908	0.2039847917710513
CAACCAATCCGGGCAT-1	low	low.promoter	weak	7746	5373	3998	0.6936483346243222	0.5161373612186935
CAACGTAAGTGGTGTG-1	mid	mid.promoter	weak	8911	6252	5416	0.7016047581640669	0.6077881270340029
CAAGAAAAGGGTAGTC-1	low	low.distal	weak	6694	3314	2476	0.4950702121302659	0.36988347774126085
CAAGCTATCCCAATGA-1	low	low.promoter	moderate	27325	18516	15651	0.6776212259835316	0.572772186642269
CAAGGCCAGTTAGCAA-1	mid	mid.promoter	moderate	23886	17429	14599	0.7296742861927489	0.6111948421669597
CAAGGCCTCTCTGCAC-1	high	high.distal	moderate	15253	11355	9121	0.744443715990297	0.5979807251032584
CAATCCCAGACAGCTG-1	mid	mid.distal	weak	8887	6226	5144	0.7005738719477889	0.5788229998874761
CAATCCCGTATTCTGG-1	low	low.distal	strong	16770	10465	8308	0.624031007751938	0.49540846750149076
CACAACAGTGAGGTCA-1	mid	mid.distal	moderate	8915	6237	4414	0.6996074032529445	0.49512058328659564
CACAACATCCTGTAGA-1	high	high.distal	moderate	26326	19627	15820	0.7455367317480818	0.6009268403859302
CACAACATCTTCACTA-1	high	high.distal	moderate	18482	14021	11300	0.7586300183962774	0.6114056920246727
CACAGATCACAGTTAC-1	high	high.distal	strong	18821	14138	10968	0.7511821901067957	0.5827533074756921
CACCTGTGTCATCAAC-1	low	low.distal	moderate	25069	16364	12417	0.6527583868522877	0.4953129362958235
CACCTGTTCAGTGTGT-1	low	low.distal	weak	13995	9251	6820	0.6610217934976778	0.4873168988924616
CACGTTCTCTCATATC-1	mid	mid.promoter	weak	19360	13878	12160	0.7168388429752066	0.628099173553719
CACTAAGGTTTAGAAG-1	high	high.promoter	weak	7688	6030	5217	0.7843392299687825	0.6785900104058272
CACTGAAAGCGTTGCC-1	mid	mid.promoter	strong	30728	22472	18547	0.7313199687581359	0.6035863056495704
CAGCTAAGTCTGATTG-1	low	low.distal	moderate	7265	1489	1736	0.2049552649690296	0.2389538885065382
CAGCTAAGTGTCCCAG-1	high	high.distal	weak	8801	6566	4736	0.7460515850471537	0.5381206681058971
CAGCTGGCAACGTCCG-1	low	low.promoter	weak	10933	7327	6219	0.6701728711241196	0.5688283179365224
CAGCTGGCAGTAGTTC-1	high	high.promoter	weak	22313	17629	13979	0.7900775332765653	0.6264957648007887
CAGGGCTTCCATTGAG-1	low	low.promoter	strong	32293	21562	16720	0.6676988821106742	0.5177592667141486
CAGTGCGCAACATAAG-1	mid	mid.promoter	strong	26713	19425	16980	0.7271740351139895	0.6356455658293715
CAGTGCGCATCCATAG-1	mid	mid.distal	weak	4829	3572	2618	0.7396976599710084	0.5421412300683371
CAGTGCGTCCACGAGC-1	low	low.promoter	weak	19450	12891	9768	0.6627763496143959	0.5022107969151671
CAGTGTATCACGTCAA-1	low	low.distal	weak	13488	8270	6198	0.6131376037959668	0.45951957295373663
CATAACGCAACCTCTC-1	high	high.distal	strong	15675	11752	8599	0.7497288676236045	0.5485805422647528
CATAACGCACCTCGTT-1	low	low.promoter	strong	26938	18180	13451	0.6748830648155023	0.4993317989457272
CATAACGTCTATCTCA-1	high	high.promoter	moderate	17045	13449	11296	0.7890290407744206	0.662716339102376
CATGTTTTCGCAAACT-1	low	low.promoter	weak	15621	10851	9133	0.6946418283080469	0.5846616733883875
CATTCATGTGAATGTA-1	high	high.distal	moderate	9087	7110	5292	0.7824364476724992	0.5823704192802905
CATTGGAGTAACGGCA-1	high	high.promoter	weak	22339	17052	14194	0.7633287076413448	0.6353910201889073
CCAATGAAGATATGTG-1	low	low.distal	weak	210878	18723	28983	0.08878593309875853	0.13743965705289315
CCACAGGCAAGGTTCT-1	low	low.promoter	moderate	9813	6816	4930	0.6945888107612351	0.5023947824314685
CCACGTTGTCTCTGCT-1	mid	mid.distal	weak	7081	4983	3644	0.7037141646660077	0.5146165795791555
CCACGTTTCGCGCCAA-1	high	high.promoter	strong	24000	18767	15593	0.7819583333333333	0.6497083333333333
CCAGAATAGATTCCGT-1	mid	mid.distal	strong	22146	15975	12850	0.7213492278515308	0.580240223968211
CCAGATAGTTACGCTA-1	mid	mid.distal	weak	19664	13863	11240	0.7049938974776241	0.5716029292107404
CCAGATATCTACCCGT-1	mid	mid.distal	moderate	11237	7903	5829	0.7033015929518555	0.5187327578535196
CCATACCCACAGCTTA-1	low	low.distal	strong	38315	20324	17185	0.5304449954325982	0.4485188568445778
CCCACATTCGTCGCAG-1	high	high.promoter	moderate	29893	22635	19391	0.7572006824340146	0.6486802930451945
CCCTAACAGGTCTTTG-1	high	high.promoter	strong	15832	12461	10697	0.7870768064679131	0.6756568974229409
CCCTAACTCACGATTG-1	high	high.promoter	strong	20476	16090	13668	0.7857980074233248	0.6675131861691737
CCCTCTCAGGAAGGTA-1	low	low.promoter	moderate	4622	2996	2285	0.6482042405884898	0.4943747295543055
CCCTCTCGTACGTAAA-1	mid	mid.distal	strong	15001	10648	8581	0.7098193453769749	0.5720285314312379
CCCTGATCATTCTTTG-1	mid	mid.promoter	strong	30704	21982	18167	0.7159327774882751	0.5916818655549766
CCGCATTAGTTCGTTG-1	high	high.promoter	moderate	33552	25349	21755	0.7555138292799237	0.648396518836433
CCGCATTGTGCACTTA-1	high	high.promoter	strong	19878	14901	12957	0.7496226984606097	0.6518261394506489
CCGTAGGAGTCAGCCC-1	low	low.distal	moderate	19843	12879	9776	0.6490450032757143	0.49266743939928437
CCGTGAGAGGGTCTGA-1	high	high.distal	strong	28619	21405	17690	0.7479296970544044	0.6181208288200146
CCTATTACACTTACAG-1	low	low.promoter	strong	23674	15832	12686	0.6687505280054068	0.5358621272281828
CCTCCCTCAAACTACC-1	high	high.promoter	moderate	25953	20816	17637	0.8020652718375525	0.6795746156513698
CCTCCCTCAATGGTCT-1	mid	mid.distal	strong	9658	6998	5185	0.724580658521433	0.5368606336715677
CCTCCCTCAGGCAGAT-1	mid	mid.distal	weak	5404	3944	2826	0.7298297557364914	0.5229459659511473
CCTGGGATCTCGACAA-1	mid	mid.promoter	strong	24910	18479	15670	0.741830590124448	0.6290646326776395
CCTTGCATCTGGCACG-1	low	low.distal	strong	17246	11151	8501	0.6465847152963006	0.49292589585990954
CCTTGGTTCTCTTCCT-1	low	low.promoter	strong	18630	12348	9295	0.6628019323671498	0.49892646269457863
CGAGTTAGTATCGCGC-1	mid	mid.distal	weak	6272	4514	3418	0.7197066326530612	0.5449617346938775
CGAGTTATCAAGTTGC-1	high	high.promoter	moderate	25162	19186	16395	0.76249900643828	0.6515777760114458
CGATGATCAGTCAGCC-1	low	low.promoter	weak	15782	10806	7871	0.6847040932708148	0.4987327334938538
CGCAGGTGTGGAAAGA-1	low	low.distal	weak	21923	14045	10613	0.6406513707065639	0.4841034529945719
CGCGCAAGTTGGTAAA-1	low	low.promoter	moderate	22693	15615	13769	0.6880976512580972	0.6067509804785617
CGCTAGGAGCAATAAC-1	high	high.promoter	weak	14898	11353	10143	0.7620485971271311	0.6808296415626258
CGCTAGGGTTCTGAGT-1	high	high.promoter	moderate	16401	12382	10739	0.7549539662215718	0.6547771477348943
CGCTATCAGTAGTTCC-1	low	low.promoter	strong	16028	11017	8217	0.6873596206638383	0.5126653356625904
CGCTATCAGTGATAAC-1	low	low.promoter	moderate	14059	9599	7006	0.68276548829931	0.49832847286435733
CGGACCAAGGAAGGTA-1	low	low.distal	weak	10877	7095	5280	0.6522938310195826	0.48542796727038706
CGGACCACACAAGTGG-1	low	low.distal	weak	25833	17295	12581	0.6694925095807688	0.4870127356482019
CGGACTGCACAAGGGT-1	mid	mid.promoter	weak	24762	18385	15113	0.7424682981988531	0.6103303448832889
CGGACTGGTATATGGA-1	low	low.promoter	strong	26459	17046	13258	0.6442420348463661	0.5010771382138403
CGGACTGTCGCAAACT-1	high	high.distal	moderate	21781	16231	13671	0.7451907625912493	0.6276571323630687
CGTAAACCATCCCAAA-1	low	low.promoter	moderate	28027	18548	13926	0.661790416384201	0.4968780104898848
CGTAAACTCACTAGCA-1	mid	mid.distal	moderate	10715	7488	6126	0.6988334111059262	0.5717218852076528
CGTACAAAGCAGAAAG-1	high	high.distal	strong	14314	10886	8489	0.7605141819197988	0.5930557496157608
CGTACAAGTCAAACAA-1	high	high.promoter	strong	19623	15122	12948	0.7706263058655659	0.6598379452683076
CGTACAATCACGGGTC-1	low	low.distal	weak	2613	1711	1289	0.6548029085342518	0.4933027171833142
CGTTCCAAGAGGCAGG-1	mid	mid.promoter	strong	18668	13819	10857	0.7402506963788301	0.5815834583244054
CTAACTTAGAAATGGG-1	mid	mid.promoter	moderate	29144	21535	18363	0.7389171012901455	0.6300782322261872
CTAACTTCATTCGTCC-1	mid	mid.promoter	weak	25298	17957	15043	0.7098189580203969	0.5946319867183176
CTAACTTGTGGTAGAC-1	high	high.distal	weak	11739	8803	6983	0.7498935173353778	0.5948547576454554
CTAACTTTCTGGCTAA-1	mid	mid.distal	strong	14631	10258	7345	0.7011140728589981	0.5020162668307019
CTACAGAAGCGTTGCC-1	mid	mid.promoter	weak	27665	20505	16564	0.741189228266763	0.5987348635459967
CTACTTAAGACGTCAG-1	mid	mid.distal	moderate	28479	20188	16566	0.7088732048175849	0.5816917728852838
CTACTTATCGCAAACT-1	mid	mid.promoter	strong	29105	20544	17393	0.7058580999828208	0.5975949149630647
CTAGCGGCAGGTAGGT-1	low	low.promoter	moderate	17727	12121	8741	0.6837592373215998	0.4930896372764709
CTAGCGGGTGACCAGA-1	mid	mid.distal	moderate	18269	13174	10602	0.7211122666812634	0.5803273304504899
CTAGGATAGGCCAGTA-1	low	low.promoter	moderate	25757	17345	15399	0.6734091703226307	0.597856893271732
CTAGGATGTAGCGAGT-1	mid	mid.distal	strong	10573	7710	5578	0.7292159273621489	0.5275702260474794
CTCAACCTCGTTCCGT-1	low	low.distal	moderate	6833	4194	3157	0.6137860383433338	0.4620225376847651
CTCACCAGTATTGTGC-1	low	low.distal	moderate	11585	7772	5651	0.6708675010789814	0.4877859300820026
CTCACCAGTCAGAAGC-1	high	high.distal	strong	7956	6105	4693	0.7673453996983409	0.5898692810457516
CTCAGAACACAGGTAG-1	mid	mid.promoter	moderate	22532	16682	13762	0.7403692526184982	0.6107757855494408
CTCAGCTGTAGCGGTA-1	mid	mid.distal	weak	11300	8210	6264	0.7265486725663717	0.5543362831858407
CTCAGCTTCGTGAGTT-1	mid	mid.promoter	weak	22334	16569	13611	0.7418733769141219	0.6094295692665891
CTCCCAACAAGCAGGT-1	low	low.promoter	weak	11779	8157	6208	0.6925036081161389	0.5270396468291026
CTCCCAAGTCTAAAGA-1	low	low.promoter	moderate	26067	17817	13257	0.6835078835309012	0.5085740591552538
CTCGCTAAGCCTTTGA-1	high	high.promoter	strong	17061	13791	11901	0.8083347986636188	0.6975558290838755
CTCTACGAGGCAAGGG-1	mid	mid.promoter	weak	19360	14063	12120	0.7263946280991735	0.6260330578512396
CTCTCAGAGATAGGTT-1	mid	mid.distal	weak	9779	6891	5188	0.7046732794764291	0.5305245935167195
CTCTCAGAGCGTATCT-1	mid	mid.distal	strong	11438	8491	6097	0.7423500611995104	0.533047735618115
CTGAATGCAAGCAGGT-1	mid	mid.promoter	weak	19384	14088	11656	0.7267849773008667	0.6013206768468841
CTGCGTTTCAAGGCCC-1	high	high.distal	strong	22039	16428	13064	0.7454058714097735	0.5927673669404238
CTGCGTTTCTCGCGTT-1	mid	mid.distal	moderate	26223	18295	14511	0.6976699843648705	0.5533691797277199
CTGCTCACAGTAACCT-1	low	low.promoter	moderate	17411	12068	8857	0.6931250358968468	0.5087013956694044
CTGCTCAGTACGGATG-1	high	high.distal	moderate	16751	12891	10209	0.7695659960599367	0.60945615187153
CTGGCAGGTAATGTAG-1	high	high.distal	strong	7042	5493	4135	0.7800340812269242	0.5871911388809997
CTGGCAGTCTGATCCC-1	high	high.distal	strong	7995	6108	4697	0.7639774859287054	0.5874921826141338
CTGGGACCAGAACAGC-1	low	low.promoter	weak	1252	828	646	0.6613418530351438	0.5159744408945687
CTGGGACGTCCGGTAC-1	mid	mid.distal	moderate	6539	4766	3480	0.7288576234898303	0.5321914665851047
CTGTTCGCAGTAACCT-1	high	high.promoter	moderate	23867	18157	15225	0.7607575313193949	0.637910085054678
CTGTTCGCATACAACC-1	low	low.promoter	moderate	25094	17051	13598	0.6794851358890571	0.5418825217183391
CTTAATCGTCGGCTGT-1	low	low.distal	moderate	39328	24072	18832	0.6120829943043125	0.4788445890968267
CTTAATCTCTTGTGCC-1	high	high.promoter	weak	16692	12506	10711	0.7492211838006231	0.6416846393481908
CTTCTAATCCAAACCA-1	low	low.promoter	strong	13000	8850	6495	0.6807692307692308	0.49961538461538463
CTTCTAATCTACCCGT-1	high	high.promoter	moderate	15777	12562	10630	0.7962223489890347	0.6737656081637827
CTTGTCGGTGCATCAT-1	mid	mid.distal	moderate	5389	3967	2921	0.736129151976248	0.5420300612358508
CTTTGCGCACTGATAC-1	high	high.promoter	moderate	20707	15983	14030	0.7718645868546868	0.6775486550441879
CTTTGCGGTATTGTCG-1	mid	mid.distal	strong	7299	5393	4129	0.7388683381285107	0.5656939306754349
GAACCTAAGGAAGACA-1	low	low.distal	strong	28402	18383	13425	0.6472431518907119	0.4726779804239138
GAACCTAGTGGGTAGT-1	mid	mid.distal	moderate	14547	10651	8483	0.7321784560390459	0.5831442909190898
GAACGTTAGTCGCGTC-1	low	low.distal	weak	2023	1034	891	0.5111220958971824	0.44043499752842313
GAAGAGCGTGACAAGC-1	high	high.promoter	weak	8219	6254	5396	0.7609198199294318	0.6565275580970921
GAAGAGCTCCTAGAGT-1	high	high.distal	weak	26637	19841	16330	0.7448661636070129	0.6130570259413598
GAAGAGCTCGTGGAAG-1	high	high.promoter	strong	24136	18488	15993	0.7659927079880676	0.6626201524693404
GAAGTCTTCTACTTTG-1	high	high.distal	strong	30203	22650	18226	0.7499255040889978	0.6034499884117471
GAAGTGGCACAAACGG-1	high	high.promoter	weak	15844	12366	10255	0.7804847260792729	0.6472481696541278
GAAGTGGGTAGAGAGA-1	high	high.promoter	moderate	9804	7602	6525	0.7753977968176254	0.6655446756425949
GAATCTGTCACTGGTA-1	high	high.promoter	moderate	13811	11152	9637	0.8074723046846717	0.6977771341684165
GACCAATAGCGAATAT-1	low	low.distal	moderate	18152	11714	8396	0.6453283384750992	0.4625385632437197
GACCGACAGCAGAGCT-1	low	low.promoter	weak	39767	25186	22450	0.6333392008449217	0.5645384363919833
GACCTTCTCCAATCCC-1	mid	mid.distal	weak	6323	4567	3422	0.7222837260793927	0.5411987980389056
GACTAACAGCACGTAG-1	mid	mid.distal	weak	5788	4214	3075	0.7280580511402902	0.531271596406358
GACTAGTAGATTCCGT-1	mid	mid.distal	moderate	22542	15693	12813	0.6961671546446633	0.5684056428001064
GACTAGTGTGAATCAA-1	high	high.distal	strong	12870	9661	7616	0.7506604506604506	0.5917637917637918
GAGAACGCACAATAAG-1	mid	mid.distal	strong	6728	4899	3742	0.7281510107015458	0.5561831153388823
GAGAACGCAGGCATTT-1	low	low.distal	moderate	70956	41185	35303	0.5804301257117087	0.4975336828457072
GAGAACGGTTGTGAGG-1	mid	mid.promoter	moderate	25952	18415	16086	0.7095792231812577	0.6198366214549939
GAGACTTGTAGACGCA-1	mid	mid.promoter	moderate	26189	18596	15239	0.7100691129863683	0.5818855244568331
GAGACTTGTGTCGGTC-1	low	low.promoter	weak	8134	4888	4220	0.6009343496434718	0.518809933611999
GAGATTCAGGCAATTA-1	mid	mid.distal	strong	10445	7347	5449	0.7033987553853518	0.5216850167544279
GAGATTCCAATCAGGG-1	low	low.promoter	strong	15263	9479	8165	0.6210443556312651	0.5349538098669986
GAGATTCGTATGGGTG-1	high	high.distal	moderate	9057	7066	5274	0.7801700342276692	0.5823120238489566
GAGCATTTCTTAAGCG-1	low	low.promoter	moderate	5760	3936	2957	0.6833333333333333	0.5133680555555555
GAGCGCTCATCTGCAA-1	mid	mid.promoter	moderate	18049	13380	11663	0.7413153083273312	0.6461853842318134
GAGGTCCAGCAGGAGG-1	mid	mid.distal	weak	17199	12462	9678	0.724577010291296	0.5627071341357056
GAGGTCCGTTCAGAAA-1	low	low.distal	strong	26816	16248	12518	0.6059069212410502	0.46681085918854415
GAGTGAGCATGTATCG-1	high	high.promoter	strong	19381	15967	13882	0.8238480986533203	0.7162685103967803
GATCATGCACACATGT-1	mid	mid.promoter	weak	14059	10358	8232	0.7367522583398535	0.5855323991749057
GATCATGCAGGTAGGT-1	high	high.promoter	strong	18540	14037	12186	0.7571197411003237	0.6572815533980583
GATCGTAAGAGCGAAA-1	mid	mid.distal	weak	4378	3112	2302	0.7108268615806305	0.5258108725445408
GATTAGCAGGGAGTTC-1	high	high.distal	weak	5101	3987	3007	0.781611448735542	0.5894922564203098
GATTAGCGTGCTGAAG-1	high	high.distal	weak	4270	3212	2633	0.7522248243559719	0.6166276346604216
GATTGACCACGCGCAT-1	high	high.distal	strong	6620	4980	3755	0.7522658610271903	0.5672205438066465
GCACGCAAGCGAATAT-1	high	high.promoter	weak	17431	13640	11120	0.7825139119958694	0.6379438930640813
GCACGCACAGGTGGTA-1	high	high.promoter	strong	22924	17284	15016	0.753969638806491	0.6550340254754842
GCACGGTGTAACATAG-1	low	low.distal	moderate	10238	3788	3244	0.36999413948036725	0.31685876147685094
GCAGCCAGTTGTGAGG-1	high	high.distal	strong	15825	12022	9437	0.7596840442338073	0.5963349131121642
GCAGCTGGTATCTAGC-1	low	low.promoter	strong	19823	12847	10563	0.6480855571810523	0.5328658628865459
GCATGATAGTTCAAGA-1	mid	mid.distal	moderate	7565	5594	4083	0.7394580304031725	0.5397224058162591
GCATGATCAATGACTC-1	mid	mid.promoter	weak	11334	8038	6688	0.7091935768484207	0.5900829362978648
GCATTCCGTATTGTGC-1	mid	mid.distal	weak	32151	22986	17836	0.7149388821498553	0.5547572392771609
GCCAGACGTAACATAG-1	high	high.promoter	strong	18243	14481	12438	0.793783917118895	0.6817957572767637
GCCCAGAAGGATGCCA-1	high	high.promoter	moderate	23266	18645	15239	0.8013839938107109	0.6549901143299235
GCCCAGAGTGGCGCTT-1	high	high.distal	moderate	26487	19840	16484	0.7490467021557745	0.6223430362064409
GCGAGAACAACGTAGG-1	mid	mid.promoter	weak	27769	20564	17483	0.7405380100111635	0.6295869494760344
GCGAGAAGTCCACCAG-1	high	high.distal	strong	28707	21404	17823	0.7456021179503257	0.6208590239314453
GCGATCGAGTATCTGC-1	high	high.distal	moderate	6520	5158	3956	0.7911042944785276	0.6067484662576688
GCGCATGCACAGTTAC-1	low	low.distal	weak	18603	11901	8670	0.6397355265279794	0.4660538622802774
GCGGGTTAGAACCCGA-1	low	low.promoter	weak	12481	8481	6174	0.6795128595465108	0.49467190128996075
GCGGGTTAGAACGTCG-1	low	low.distal	strong	36110	22513	17129	0.6234561063417335	0.4743561340348934
GCGGGTTAGCTACGCC-1	mid	mid.promoter	moderate	23164	16848	13448	0.7273355206354688	0.5805560352270766
GCGGGTTCATCCCGGA-1	high	high.promoter	weak	19029	15004	12913	0.788480739923275	0.6785958274213043
GCGGGTTCATTATGGC-1	low	low.distal	moderate	18414	11730	8865	0.6370153144346693	0.4814271749755621
GCGGTGTTCTGCGTCT-1	low	low.distal	weak	11782	6408	4915	0.5438804956713631	0.41716177219487355
GCGTTGGTCTAGTCGA-1	low	low.distal	strong	21630	14095	10626	0.6516412390198798	0.4912621359223301
GCTCAGGCACCTGAAT-1	low	low.distal	moderate	13048	8496	6307	0.65113427345187	0.4833690987124464
GCTCAGGGTTTCGACA-1	mid	mid.distal	strong	12846	9415	7349	0.7329129690175931	0.5720846956250973
GCTCAGGTCACGGGTC-1	low	low.distal	weak	6014	3368	2824	0.5600266045892917	0.46957100099767207
GCTCCTAGTAACAATG-1	high	high.distal	strong	18958	14618	11488	0.7710728979850195	0.6059710939972571
GCTCCTAGTTATCGAC-1	low	low.distal	strong	6147	3832	2860	0.6233935252968928	0.4652676102163657
GCTCGAGCAGACTAAA-1	high	high.distal	moderate	27300	20342	17021	0.7451282051282051	0.6234798534798535
GCTGAGCTCCAACAAC-1	high	high.distal	strong	23760	18152	14374	0.763973063973064	0.6049663299663299
GCTTAAGTCCGTGCAG-1	low	low.promoter	moderate	4595	3160	2343	0.6877040261153428	0.5099020674646355
GCTTAAGTCTTCACTA-1	low	low.distal	strong	8386	5713	4130	0.681254471738612	0.49248747913188645
GCTTGCTTCGGATGTT-1	high	high.distal	strong	19689	14718	12190	0.7475239981715679	0.61912743156077
GGAACCCAGATATGAC-1	low	low.distal	moderate	11641	5644	4453	0.4848380723305558	0.3825272742891504
GGAATCTGTTCTCGAA-1	low	low.promoter	strong	30080	20018	15050	0.6654920212765958	0.5003324468085106
GGACACCCACTCGTGG-1	low	low.distal	weak	27679	14802	13744	0.5347736551175982	0.4965497308428773
GGACACCCATTCACGA-1	low	low.promoter	strong	10383	7160	5192	0.6895887508427236	0.5000481556390254
GGAGAACTCTTCCAGC-1	high	high.promoter	moderate	26674	20215	16914	0.7578540901252155	0.6341006223288596
GGAGGATAGAGCTACG-1	mid	mid.promoter	weak	18740	13561	11397	0.7236392742796158	0.6081643543223052
GGAGTAGGTAACTCCA-1	low	low.promoter	moderate	8410	5844	4318	0.6948870392390012	0.513436385255648
GGATGAGTCGCACAAT-1	high	high.promoter	strong	24675	19232	16358	0.7794123606889565	0.6629381965552178
GGCATTACAATTCTCT-1	high	high.promoter	strong	18348	14373	12192	0.7833551340745586	0.6644865925441465
GGCATTAGTGTACGCC-1	low	low.promoter	weak	7952	5062	4407	0.636569416498994	0.5542002012072434
GGCGAAAAGGCGTCCT-1	low	low.distal	weak	14393	9249	6964	0.6426040436323213	0.4838463141805044
GGCGAAACAAGGGTAC-1	mid	mid.promoter	moderate	23113	16844	13725	0.7287673603599706	0.5938216588067321
GGCGTTGGTATTCTTC-1	mid	mid.promoter	weak	14938	10619	8885	0.7108716026241799	0.5947918061320123
GGGCCATAGAATGCTA-1	mid	mid.promoter	strong	26797	18739	16223	0.6992946971675934	0.6054035899540994
GGGCCATTCCTTTGCG-1	mid	mid.distal	moderate	5140	3689	2719	0.717704280155642	0.528988326848249
GGGTGTCCAATTCTCT-1	mid	mid.distal	strong	21843	15724	12385	0.7198644874788261	0.5670008698438859
GGGTTATAGTTCTCCC-1	low	low.distal	weak	116803	41769	36176	0.35760211638399697	0.30971807230978654
GGGTTATCACTAGCCG-1	low	low.promoter	weak	16056	9821	8511	0.611671649227703	0.5300822122571002
GGGTTATTCACCCTTG-1	mid	mid.promoter	moderate	20889	15526	13783	0.743262003925511	0.6598209583991574
GGTACCGGTAAAGGCC-1	high	high.distal	weak	22464	16844	13768	0.7498219373219374	0.6128917378917379
GGTACCGTCAAACCCA-1	mid	mid.distal	strong	5111	3666	2755	0.7172764625317942	0.5390334572490706
GGTCATATCACATCCC-1	low	low.promoter	weak	11496	7954	6004	0.6918928322894919	0.522268615170494
GGTCATATCCGTCAAA-1	high	high.distal	moderate	15335	11920	9459	0.7773068144766874	0.6168242582328007
GGTGAAGAGTCTGTGT-1	low	low.promoter	moderate	27321	18175	15057	0.6652391932945353	0.5511145272867025
GGTGAAGTCACTACCC-1	low	low.distal	strong	16294	10646	7923	0.6533693384067755	0.4862526083220817
GGTGTCGTCATGCTTT-1	mid	mid.distal	strong	23369	16454	13521	0.7040951688133853	0.5785870169883178
GGTGTCGTCTTACGGA-1	high	high.promoter	strong	25535	19974	17488	0.7822204816917956	0.6848639122772665
GGTGTCGTCTTCTCTC-1	high	high.promoter	moderate	28707	22523	19036	0.7845821576618943	0.6631135263176229
GGTTGCGAGACCTATC-1	mid	mid.promoter	weak	18025	12915	11338	0.7165048543689321	0.6290152565880721
GTACTTTAGTGGGACT-1	low	low.promoter	moderate	23004	13472	11688	0.5856372804729613	0.5080855503390714
GTAGACTAGTCTGGGA-1	low	low.distal	weak	9951	5535	4997	0.5562255049743744	0.5021605868756909
GTAGACTTCGCTCTAC-1	low	low.promoter	moderate	13206	8882	6504	0.6725730728456762	0.4925034075420264
GTAGTACAGGGTGTTG-1	high	high.promoter	strong	18007	13874	12355	0.7704781473871273	0.6861220636419171
GTAGTACCAAGTGGCA-1	high	high.distal	moderate	5177	3989	2909	0.770523469190651	0.5619084411821518
GTAGTACCAATGAAAC-1	high	high.distal	moderate	16053	12216	9666	0.7609792562137918	0.6021304429078677
GTCACAATCGTTCCGT-1	high	high.distal	weak	3706	2810	2114	0.7582298974635726	0.5704263356718834
GTCACGGCAGTCAGCC-1	mid	mid.promoter	strong	29872	21830	18736	0.7307846813069094	0.6272094268880557
GTCACTCGTAACCGAG-1	mid	mid.distal	strong	9890	7202	5528	0.7282103134479272	0.558948432760364
GTCCATCAGGCAAGCT-1	low	low.promoter	strong	8694	5774	4583	0.6641361858753163	0.5271451575799402
GTCGTAATCTCGTAGA-1	mid	mid.distal	strong	19157	13781	10056	0.7193715091089419	0.5249256146578274
GTGACATAGGATTAAC-1	low	low.distal	strong	28367	18521	14012	0.652906546339056	0.4939542426058448
GTGACATGTTCAGAAA-1	mid	mid.promoter	strong	28396	19800	17468	0.6972813072263699	0.6151570643752641
GTGACATTCTTACTCA-1	low	low.distal	strong	45454	22512	20524	0.4952699432393189	0.4515334184010208
GTGATCAAGTTCGACT-1	low	low.distal	weak	14650	9485	6918	0.6474402730375427	0.47221843003412967
GTGCTGGAGATCACCT-1	low	low.distal	weak	8900	5945	4196	0.6679775280898876	0.47146067415730336
GTGGATTGTGAATACA-1	high	high.promoter	strong	15986	11938	10008	0.7467784311272363	0.6260477918178406
GTGGCGTAGTGTCACT-1	mid	mid.promoter	strong	29207	20936	17741	0.7168144622864382	0.6074228780771733
GTGGCGTGTAGAATAC-1	low	low.promoter	moderate	17701	11802	8868	0.6667419919778543	0.5009886447093385
GTGGCGTGTCTCGGGT-1	high	high.distal	strong	18414	14280	11370	0.7754969045291626	0.617464972303682
GTGGCGTTCATCATGG-1	high	high.distal	strong	6848	5402	4062	0.7888434579439252	0.5931658878504673
GTGTCCTAGATGCGCA-1	high	high.promoter	strong	15532	12538	10936	0.8072366726757662	0.7040947720834406
GTGTCCTCACGTGAAG-1	high	high.promoter	weak	15704	12523	10787	0.7974401426388181	0.6868950585838003
GTTACGAAGGGAGTTC-1	mid	mid.promoter	weak	25432	18279	15212	0.7187401698647373	0.5981440704624096
GTTACGACACCTCGTT-1	high	high.distal	strong	13211	10072	7891	0.7623949738853986	0.5973052759064416
GTTATGGTCCTGTAGA-1	mid	mid.distal	moderate	24160	17292	13722	0.715728476821192	0.5679635761589404
GTTCAAGAGTTAGCGG-1	high	high.promoter	weak	18526	13998	11867	0.7555867429558458	0.6405592140775127
GTTGGTACACAAACGG-1	high	high.distal	strong	5656	4215	3246	0.7452263083451203	0.5739038189533239
TAAACCGTCGCGATGC-1	low	low.distal	weak	13036	6421	5869	0.49255906719852716	0.45021478981282603
TAACGGTTCGCTAGTA-1	mid	mid.distal	strong	9402	6884	4985	0.7321846415656244	0.5302063390767922
TAACTTCAGCGCATTT-1	high	high.promoter	strong	8816	7154	5553	0.8114791288566243	0.6298774954627949
TAACTTCGTAAGGTCG-1	high	high.promoter	moderate	19420	15053	12403	0.7751287332646756	0.6386714727085478
TAAGCCAGTTCGGGAA-1	high	high.promoter	moderate	15131	11651	10302	0.7700085916330712	0.6808538761483048
TACAGCACACTCGGAC-1	mid	mid.distal	strong	14119	9940	7376	0.7040158651462568	0.5224166017423331
TACATGGCAAGCGGTA-1	high	high.promoter	strong	31500	23892	20724	0.7584761904761905	0.6579047619047619
TACATGGGTACTAGAA-1	high	high.distal	strong	8211	6229	4771	0.7586164900742906	0.5810498112288394
TACATGGTCGTTCAGA-1	mid	mid.distal	weak	4569	3349	2459	0.7329831472970015	0.5381921645874371
TACATTCAGACTAATG-1	low	low.distal	moderate	38804	24582	18679	0.633491392639934	0.4813679002164725
TACCCTGCACTGTCGG-1	mid	mid.promoter	weak	9684	7055	5880	0.7285212722015696	0.6071871127633209
TACCCTGCATTGATGC-1	high	high.distal	weak	5009	3787	2810	0.7560391295667798	0.560990217608305
TACCTATCACATATCG-1	mid	mid.promoter	moderate	22709	16517	13356	0.7273327755515434	0.5881368620370778
TACCTCGAGAGTGGAA-1	high	high.promoter	moderate	23733	17770	15288	0.7487464711583028	0.6441663506509923
TACCTCGGTATCCTTT-1	mid	mid.promoter	moderate	26969	19066	15669	0.7069598427824539	0.5810004078757092
TACGCAAGTGTGCGTC-1	low	low.distal	weak	2222	1203	939	0.5414041404140414	0.4225922592259226
TACGCCTTCCAATAGC-1	high	high.promoter	strong	16606	13542	11776	0.8154883776948091	0.7091412742382271
TACGCCTTCCTGGGAC-1	low	low.distal	moderate	23446	14529	11223	0.6196792629872899	0.4786744007506611
TACGGATGTCAGCAAG-1	mid	mid.distal	strong	17543	12240	8878	0.6977141879952118	0.506070797469076
TACTAGGAGATCGAGC-1	mid	mid.distal	weak	3301	2373	1752	0.7188730687670403	0.5307482581036049
TACTCGCTCAAACCCA-1	low	low.promoter	moderate	23946	16325	13937	0.6817422534034911	0.5820178735488182
TACTCGCTCGACTGGC-1	high	high.promoter	moderate	13666	10664	8608	0.7803307478413581	0.629884384604127
TACTCGCTCTTACGGA-1	low	low.promoter	moderate	6982	4650	3498	0.6659982812947579	0.5010025780578631
TACTGCCAGCAGGACT-1	mid	mid.distal	weak	12245	8561	6266	0.6991425071457738	0.5117190690077583
TACTGCCGTAGACGCA-1	high	high.promoter	weak	10129	7787	6493	0.7687827031296278	0.6410307039194393
TAGACTGCAAGTAACA-1	low	low.promoter	moderate	11516	7958	5689	0.6910385550538382	0.4940083362278569
TAGCACATCTAGCAAC-1	high	high.promoter	weak	24146	18766	15783	0.7771887683260167	0.6536486374554792
TAGCATGCATTCTCGC-1	high	high.distal	weak	3857	2979	2141	0.7723619393310863	0.5550946331345605
TAGCCCTGTCTCGGGT-1	low	low.distal	moderate	13038	5974	4801	0.4581991102929897	0.3682313238226722
TAGCCCTTCGATATGC-1	low	low.promoter	weak	7671	5168	3856	0.6737061660800417	0.5026724025550776
TAGCCGGCAGGATAGC-1	mid	mid.distal	weak	1704	1244	894	0.7300469483568075	0.5246478873239436
TAGCCGGTCGAGTTAC-1	mid	mid.promoter	weak	7710	5476	4535	0.7102464332036317	0.5881971465629053
TAGCGGCAGATGTTCC-1	mid	mid.distal	weak	9101	6458	4912	0.7095923524887375	0.539720909790133
TAGCGGCTCTGGTACA-1	low	low.promoter	moderate	25786	17345	15125	0.6726518265725587	0.5865585976886682
TAGGAGGAGGACTAGC-1	mid	mid.promoter	moderate	25937	18162	15232	0.7002351852565832	0.5872691521764275
TAGGTCAGTAGAATAC-1	high	high.distal	moderate	24327	18857	15086	0.775146956057056	0.6201340074813992
TAGTCCCGTAGTTTGC-1	mid	mid.promoter	moderate	22133	16293	13073	0.7361406045271767	0.5906564857904486
TAGTCCCTCGTATAGC-1	high	high.promoter	weak	15516	12406	10683	0.7995617427171952	0.6885150812064965
TAGTCCCTCTTGGCCT-1	high	high.distal	moderate	13035	10025	7997	0.7690832374376678	0.6135021097046414
TATCGAGCACCCTTTG-1	mid	mid.distal	moderate	24007	16848	13566	0.7017953097013371	0.5650851834881493
TATCTGTCATCGGCCA-1	mid	mid.distal	moderate	4332	3166	2378	0.7308402585410896	0.548938134810711
TATCTGTTCTCTGCGT-1	mid	mid.distal	weak	2756	1999	1457	0.7253265602322206	0.5286647314949202
TATGTGGGTGTACGCC-1	high	high.distal	weak	21936	16578	13572	0.7557439824945296	0.6187089715536105
TCAAAGCCAGCTTACA-1	low	low.promoter	strong	18090	12521	9174	0.6921503593145384	0.5071310116086235
TCAAAGCGTTCCCGGA-1	low	low.distal	moderate	48832	25405	19757	0.5202531127129751	0.40459125163827
TCAAGACGTCATGAGG-1	mid	mid.distal	weak	5057	3653	2612	0.7223650385604113	0.5165117658690923
TCACCACCAATGCCAT-1	high	high.distal	strong	11242	8683	6869	0.7723714641522861	0.611012275395837
TCACCACTCGATGAAA-1	high	high.distal	weak	2965	2236	1659	0.7541315345699832	0.5595278246205734
TCACCTGTCGGATAAA-1	mid	mid.distal	moderate	4996	3634	2734	0.7273819055244195	0.5472377902321858
TCACTCGCAGCAATGG-1	low	low.promoter	weak	19017	12491	10009	0.6568333596255982	0.5263185570805069
TCAGGTAAGGAAGAAC-1	low	low.promoter	strong	12860	8803	6401	0.6845256609642302	0.49774494556765164
TCAGTCCTCCCGATTC-1	high	high.distal	weak	1910	1441	1052	0.7544502617801047	0.5507853403141362
TCAGTTTTCAGTGTGT-1	high	high.promoter	moderate	15691	12343	10446	0.7866292779300236	0.6657319482505895
TCCAGAAAGTGTTCCA-1	low	low.distal	moderate	14548	9488	6864	0.6521858674731922	0.47181743194940884
TCCAGAACATAGGCGA-1	high	high.promoter	moderate	22951	17658	14421	0.7693782405995382	0.6283386344821577
TCCAGAAGTTAACCAC-1	mid	mid.promoter	weak	21801	15884	12756	0.7285904316315766	0.5851107747351039
TCCCACACAGTTACAC-1	high	high.promoter	weak	17433	13572	11674	0.7785234899328859	0.6696495152870992
TCCGACTGTAGTATCC-1	high	high.promoter	strong	14404	10893	9252	0.756248264371008	0.6423215773396279
TCGATTTAGGGTCTGA-1	mid	mid.distal	moderate	18231	13281	10462	0.7284844495639295	0.5738577148812463
TCGATTTCATTGAACC-1	high	high.promoter	strong	18209	13699	12053	0.7523202811796365	0.6619254214948652
TCGATTTGTTTCCACC-1	high	high.distal	moderate	22000	16733	13681	0.7605909090909091	0.6218636363636364
TCGCAGGAGTAATGTG-1	high	high.distal	strong	9294	7038	5462	0.7572627501613944	0.58769098343017
TCGCAGGCAGTAACTC-1	low	low.promoter	weak	11889	7989	5841	0.6719656825637144	0.4912944738834216
TCGTTCGCAACGTACT-1	mid	mid.promoter	strong	27404	20095	16243	0.7332871113706029	0.5927236899722669
TCGTTCGTCGACTCGG-1	mid	mid.distal	weak	6953	4880	4014	0.7018553142528405	0.5773047605350209
TCTCAGCTCTGAAAGA-1	mid	mid.distal	moderate	8881	6453	4753	0.7266073640355816	0.5351874788875126
TGAATCGGTGGTGGTA-1	mid	mid.promoter	strong	32851	23718	18908	0.7219871541201182	0.5755684758454842
TGACTCCGTAGCGAGT-1	high	high.distal	moderate	27516	20511	16434	0.7454208460532054	0.5972525076319233
TGACTCCTCTAGTCGA-1	high	high.distal	weak	4631	3601	2634	0.7775858345929605	0.5687756424098467
TGAGCCGAGGAAGGTA-1	mid	mid.promoter	weak	3553	2490	2172	0.7008162116521249	0.611314382212215
TGAGTCACACCACGAC-1	low	low.promoter	strong	27010	18514	16051	0.6854498333950388	0.5942613846723436
TGATGCAAGTCGTACT-1	low	low.promoter	weak	27644	18817	15749	0.6806902040225727	0.5697077123426422
TGATGCACAATGTGCT-1	high	high.promoter	moderate	23739	18373	16223	0.7739584649732507	0.6833902017776654
TGCATGACACAAGTGG-1	mid	mid.promoter	weak	21010	15610	13634	0.7429795335554498	0.6489290813898144
TGCATGACAGTGCGAA-1	low	low.distal	moderate	18863	12108	8952	0.6418915336902932	0.474579865344855
TGCATTTCAAATTGAG-1	mid	mid.promoter	moderate	26534	19056	15936	0.7181729102283863	0.6005879249265094
TGCATTTGTAACATAG-1	mid	mid.promoter	strong	18220	13256	11477	0.7275521405049397	0.6299121844127332
TGCATTTGTTCAGAAA-1	low	low.distal	moderate	26697	16608	12918	0.6220923699292056	0.48387459265085964
TGCCTGTGTAGTTTGC-1	mid	mid.distal	moderate	5211	3875	2951	0.7436192669353291	0.5663020533486854
TGCCTGTGTCGCTACG-1	high	high.distal	strong	22185	16894	13367	0.7615055217489295	0.6025242280820374
TGCTATTAGGTTGTGG-1	high	high.promoter	moderate	24138	18406	15563	0.7625321070511227	0.6447510149971
TGCTCACAGCCGCTGT-1	high	high.promoter	weak	16313	12463	10496	0.7639919082939987	0.6434132287132961
TGCTCACAGGAGACTC-1	low	low.promoter	weak	18217	12078	9082	0.6630070812976889	0.49854531481583136
TGCTCACAGGTTAGTA-1	low	low.promoter	moderate	20681	13627	10850	0.6589139790145544	0.5246361394516706
TGCTCACCAAGTAATG-1	low	low.promoter	strong	33149	21869	18998	0.659718241877583	0.573109294398021
TGCTCGTAGGTCTTTG-1	low	low.distal	weak	7694	4798	3670	0.6236028073823758	0.476995061086561
TGCTCGTCAACACGGA-1	mid	mid.distal	weak	8837	6197	4504	0.7012560823808985	0.509675229150164
TGCTTTAAGTAGCAAT-1	mid	mid.distal	strong	19706	14312	11350	0.7262762610372475	0.5759667106465036
TGCTTTACATGGTATC-1	mid	mid.distal	weak	24738	17674	13894	0.7144474088446924	0.561646050610397
TGGAAGGAGCAGTAGC-1	low	low.distal	moderate	30265	16212	13170	0.535668263670907	0.43515612093176936
TGGAAGGGTTGTATCG-1	mid	mid.distal	strong	12007	8601	6178	0.7163321395852419	0.5145331889730991
TGGAAGGTCTATGAGC-1	low	low.promoter	weak	2727	1838	1366	0.674000733406674	0.5009167583425009
TGGACATGTTCTACCC-1	mid	mid.distal	moderate	7474	5415	3885	0.7245116403532245	0.5198019801980198
TGGCCTTAGCAACGGT-1	mid	mid.promoter	moderate	30265	21930	18772	0.7245993722121262	0.6202544192962167
TGGTCAAGTTGAAGCG-1	mid	mid.distal	strong	8880	6555	4940	0.7381756756756757	0.5563063063063063
TGGTCCTCATGTATCG-1	mid	mid.distal	moderate	27489	19117	15555	0.6954418130888719	0.5658627087198516
TGTAAGCCAAGTCCTA-1	mid	mid.promoter	weak	11783	8416	7188	0.7142493422727658	0.6100314011711788
TGTACAGAGACCCTAT-1	high	high.distal	strong	23882	17804	14645	0.7454987019512603	0.6132233481282975
TGTACAGGTGATAGAT-1	mid	mid.distal	strong	8721	6340	4740	0.7269808508198601	0.543515651874785
TGTACGAGTCAACAGG-1	mid	mid.promoter	moderate	23803	17113	13914	0.7189429903793639	0.5845481661975381
TGTACGATCGAGGTCC-1	low	low.distal	weak	33144	19715	14674	0.5948286265990828	0.44273473328505913
TGTAGCAAGATATGTG-1	high	high.distal	moderate	32659	24471	20341	0.7492880982271349	0.6228298478214275
TTACCGCGTCGTAGTT-1	high	high.promoter	strong	23884	17973	16044	0.7525121420197621	0.671746776084408
TTACGGACAACTCCCT-1	high	high.promoter	strong	21483	16997	14305	0.7911837266675976	0.6658753432946981
TTACGGACATTTGTTC-1	mid	mid.distal	strong	10312	7259	5387	0.7039371605896043	0.5224010861132661
TTACGTTTCGGTCGAC-1	mid	mid.promoter	weak	10082	7334	6022	0.7274350327316009	0.5973021225947233
TTACTCATCATGCTTT-1	high	high.distal	moderate	4392	3419	2555	0.7784608378870674	0.5817395264116576
TTACTCATCTTATCAC-1	mid	mid.distal	moderate	25103	17710	14514	0.7054933673266144	0.5781779070230649
TTACTTGCAGCGCGTT-1	mid	mid.promoter	weak	21915	16159	13061	0.7373488478211271	0.5959844855122063
TTACTTGGTGCATCAT-1	low	low.promoter	strong	25160	16841	13481	0.669356120826709	0.5358108108108108
TTAGCTTGTATGTCCA-1	low	low.distal	moderate	22988	10290	9457	0.4476248477466504	0.4113885505481121
TTAGGTGCACCGTTGG-1	high	high.promoter	weak	24094	18539	16011	0.7694446750228272	0.6645222877064829
TTAGGTGGTTTAAGGA-1	low	low.promoter	strong	20139	13289	10959	0.6598639455782312	0.5441680321763742
TTATGTCCATTACTTC-1	high	high.promoter	moderate	20454	15606	13657	0.7629803461425638	0.6676933607118412
TTATGTCTCCTCAAGA-1	mid	mid.promoter	weak	8318	6161	4811	0.7406828564558788	0.5783842269776388
TTCATCATCTGTCGGG-1	low	low.promoter	moderate	26039	17155	14649	0.6588194631130228	0.5625792081109106
TTCGATTCATCTCTCG-1	mid	mid.promoter	moderate	21243	15199	13452	0.7154827472579203	0.6332438921056348
TTCGCGTGTACGAGAC-1	mid	mid.distal	weak	5861	4249	3212	0.7249616106466473	0.5480293465278963
TTCGCGTGTGCATTCA-1	mid	mid.promoter	weak	27728	20515	17810	0.7398658395845354	0.6423110213502596
TTCGCGTGTTAGGCTT-1	mid	mid.distal	moderate	25192	17601	14111	0.6986741822800889	0.5601381390917751
TTCTAACGTGCGTTTA-1	mid	mid.distal	weak	20256	14312	11107	0.7065560821484992	0.5483313586097947
TTCTGTAGTTTAGGAA-1	mid	mid.distal	weak	5115	3779	2810	0.7388074291300097	0.5493646138807429
TTGACGACATCGCTAA-1	high	high.distal	moderate	11974	9073	7129	0.7577250709871388	0.595373308835811
TTGACGATCGGCATAT-1	high	high.promoter	weak	13455	10138	8744	0.7534745447788926	0.6498699368264585
TTGAGCAGTCTCTGGG-1	low	low.promoter	strong	15967	10985	8115	0.6879814617648901	0.5082357362059248
TTGAGTGTCTTGTACT-1	low	low.distal	weak	26171	16673	12686	0.6370792098123877	0.4847350120362233
TTGCACCAGATATGTG-1	high	high.distal	strong	9459	7108	5655	0.7514536420340416	0.5978433238185855
TTGCAGAAGCATGATA-1	mid	mid.promoter	strong	23989	17319	14060	0.7219558964525408	0.5861019633998916
TTGCCCACAAGGTTCT-1	high	high.promoter	moderate	26190	20031	16723	0.7648339060710194	0.6385261550210004
TTGCGAAGTAGCATGG-1	high	high.distal	weak	25615	19148	15767	0.7475307437048604	0.6155377708373999
TTGCGAATCCAGAATC-1	high	high.promoter	moderate	25410	20129	16395	0.7921684376229831	0.6452184179456907
TTGCGGGAGTTCGCGC-1	high	high.distal	weak	11916	8899	6804	0.7468110104061766	0.5709969788519638
TTGCGGGCAGTAACTC-1	low	low.promoter	moderate	18730	13023	10389	0.6953016550987721	0.5546716497597437
TTGGTCCAGCAGGACT-1	mid	mid.promoter	moderate	21874	15694	13973	0.7174727987565146	0.6387949163390326
TTGGTCCGTACGTATC-1	mid	mid.distal	weak	2434	1745	1351	0.7169268693508628	0.5550534100246508
TTGTTGTAGTGAGCAC-1	low	low.promoter	moderate	13334	9158	6701	0.6868156592170391	0.5025498725063747
TTTGCGCAGTCTCCAA-1	high	high.promoter	moderate	24646	19180	15822	0.7782195893857016	0.6419702994400714
TTTGCGCGTTAACTCG-1	high	high.promoter	strong	10284	8427	6720	0.8194282380396732	0.6534422403733956
TTTGCGCGTTCTACCC-1	low	low.distal	strong	29066	18090	13783	0.6223766600151379	0.4741966558866029
TTTGGCCAGATCTAAG-1	low	low.promoter	strong	22792	15699	11572	0.6887943137943138	0.5077220077220077
TTTGGCCAGTACAGAT-1	low	low.promoter	weak	6361	4414	3262	0.6939160509353876	0.5128124508725044
TTTGGCCAGTGCTCGC-1	mid	mid.promoter	moderate	17994	13280	11097	0.7380237857063465	0.616705568522841
TTTGGCCGTCCCGTGA-1	low	low.distal	weak	23550	13804	10745	0.5861571125265392	0.4562632696390658
TTTGGTTCAGAGATGC-1	low	low.promoter	weak	25310	17241	12966	0.6811932042670881	0.5122876333465034
