barcode	embed_1	embed_2
AAACTGCAGACTCGGA-1	15.961402	6.6155634
AAAGATGCACCTATTT-1	13.24666	5.0816054
AAAGATGCAGATACAA-1	-3.0022616	2.237011
AAAGGGCTCGCTCTAC-1	16.616835	6.6029034
AAATGAGAGTCCCGCA-1	19.716995	8.441159
AACAAAGCACCCATCT-1	12.074663	4.524567
AACCAACTCAGCCGGT-1	-7.554567	-1.8197305
AACCGATTCCAGGTCG-1	7.3631897	8.286877
AACCTGAAGTCACGCC-1	19.16904	8.605165
AACCTGAGTTAGGAGC-1	-4.4361286	1.4037877
AACCTTTAGTAGTCGG-1	8.431456	5.856651
AACCTTTCAGTAGTCT-1	7.614193	8.532919
AACCTTTGTAGAACGC-1	-7.4261165	-1.0966549
AACGAGGTCTCATCCG-1	14.082725	5.565465
AACGGGACATTCGTCC-1	-6.243575	-2.3247986
AACGGGAGTTTAGACC-1	17.891941	8.263142
AACGGGATCCGGCGAT-1	-6.503158	-3.2363977
AACGGGATCCTCAAGA-1	15.341874	6.4367723
AACGTACCAATCAGGG-1	12.038167	4.7745366
AACGTACCAATGAAAC-1	19.2849	8.245935
AACTGGTTCACAGGGA-1	-5.4311113	-0.37716836
AACTGTGGTACGGAGT-1	-5.2002254	-0.5489457
AAGATAGGTAAAGGCC-1	18.378723	9.030651
AAGGAGCCAACTGCGC-1	14.43337	6.1453624
AAGGAGCCATGGTATC-1	16.813347	6.965135
AAGGTTCCAATTCGTG-1	-3.560609	-0.90370667
AATGCCACATAAAGTG-1	16.698856	6.712737
AATGCCAGTGCGTGTC-1	-4.9286222	1.0535976
AATGGAATCTGATCCC-1	12.760089	4.4362783
AATGGCTGTCAGCAAG-1	8.09938	6.248988
AATGTCGCATCTCTCG-1	16.438044	6.0715046
AATGTCGGTTTCACCC-1	-5.2767415	-2.9003625
ACAAACCTCTGGCTAA-1	-3.620139	0.62525874
ACAAGCTAGTCTGCTA-1	-2.9797444	2.3570733
ACAAGCTCATTTCACT-1	-6.304743	0.57089156
ACAAGCTGTAGAACGC-1	16.129848	6.9131494
ACAAGCTGTCACCCGA-1	19.548567	8.449544
ACAAGCTGTCGCTAGC-1	-5.1325583	0.77391624
ACAATCGAGAAACGCC-1	-4.0808463	0.19782653
ACAATCGTCTCGTAGA-1	10.269025	4.7894564
ACAGACTTCGCTGATA-1	20.229414	8.844408
ACAGACTTCTATCCTA-1	-6.5117416	-3.0024233
ACATGGTTCTGAGTCA-1	14.455594	6.037174
ACCTGCTAGTTCGTTG-1	-3.2237966	2.034351
ACCTGCTCACTCCCAT-1	10.936013	4.6002483
ACGGATTCAACTTGGT-1	-6.438657	-3.5329592
ACGGATTCATGTAGAA-1	7.3975	9.062347
ACTACCCGTCCTCAGG-1	-3.2309792	-0.36854726
ACTAGGTCACGCGTTG-1	-6.141723	-3.2978609
ACTGCGGAGTGAATAC-1	17.49182	7.2007804
ACTGTCCTCTCTTAAC-1	18.475481	8.648692
ACTTTCATCCTAAGTG-1	8.623637	5.727724
AGACAAACAGTAGTCT-1	16.85962	6.8127437
AGACAAATCCAGTACA-1	-3.8379807	1.295302
AGATAGAAGTTCGTTG-1	15.227579	6.040468
AGCCAGCTCGGTACTA-1	-5.5486712	-2.4770525
AGCCTCTGTGTCCTTC-1	-6.1649113	-0.33457187
AGCCTGGGTGCTGTGC-1	-4.0310946	-0.9967065
AGCCTGGTCGGATCGC-1	7.5373	9.056433
AGCCTTCGTACTTGAC-1	19.939718	8.687453
AGCGTATAGTTCAGGG-1	-4.7618546	-0.68807995
AGCGTATCAGGTCCTG-1	14.489834	5.9565153
AGCGTGCAGGTGTTGG-1	17.873789	7.717946
AGCTATGGTGTCGTCG-1	-3.660139	-0.9425084
AGCTGATGTCGAGGAT-1	7.4897723	7.6471505
AGGACGAGTACCCATA-1	14.107348	5.352695
AGGCCCACAGTGGTCC-1	12.276092	4.9134693
AGGCCTGAGTCGACCC-1	12.8264065	4.8946724
AGGCCTGGTAACGGAC-1	-6.296213	-3.5512538
AGGCCTGGTAGACGCA-1	10.916409	4.8444595
AGGCCTGTCTTAATCC-1	19.529694	8.73892
AGGCGAATCGATTACG-1	-2.9545536	0.76372176
AGTCAACAGTTGGAAT-1	-6.926315	-0.72620267
AGTCCGGAGTATACGA-1	16.991129	6.170215
AGTGCCGCACAGATGG-1	-4.286508	-1.9418173
AGTGTACCATAGCAGG-1	17.899696	8.520653
AGTTACGCATGGTATC-1	17.568005	7.0103326
ATAGGCTTCTATACCT-1	11.296575	4.508696
ATCCAGAGTCAGCTTA-1	-5.2882686	0.6920754
ATCCCTGGTATATGGA-1	19.869297	8.506765
ATCCCTGTCGTGCTTC-1	-3.2638597	2.0535908
ATCCTCGCAATAGCGG-1	-5.691494	-1.7713789
ATCCTGCAGGTTGACG-1	-4.2269373	-1.3054342
ATCCTGCCAGCCACGT-1	-4.8449802	-0.9435426
ATCCTGCTCTTCTTCC-1	-4.031684	2.0946693
ATGTACGAGTCCTTCC-1	-3.6583383	-0.0009457319
ATGTACGTCAATTCCT-1	-4.6393657	-0.5023415
ATGTCGAGTACGACCC-1	-5.5510244	0.5433653
ATGTTTCAGCACCATT-1	11.26294	4.6532063
ATTACCTAGTCGGGAT-1	-3.3011682	-0.7683826
ATTCGTTCAGTTACAC-1	-4.814475	-1.734273
ATTGTCTAGTGATTAG-1	-6.78869	0.11762625
ATTGTCTGTACTTCAG-1	-5.5083814	-2.8794544
CAAAGCTAGGAAGGTA-1	-4.417179	0.36877942
CAACCAAAGTGAGTTA-1	16.151258	6.1819563
CAACCAACATCCCGGA-1	7.734979	7.976751
CAACCAATCCGGGCAT-1	16.980677	6.3823433
CAACGTAAGTGGTGTG-1	-4.5898147	-1.277961
CAAGAAAAGGGTAGTC-1	19.40862	8.973925
CAAGCTATCCCAATGA-1	-4.5978627	-2.1050854
CAAGGCCAGTTAGCAA-1	-4.5618696	-0.6388177
CAAGGCCTCTCTGCAC-1	7.425323	8.741727
CAATCCCAGACAGCTG-1	-7.1863546	-0.8145089
CAATCCCGTATTCTGG-1	9.489238	5.1792865
CACAACAGTGAGGTCA-1	19.75208	8.743778
CACAACATCCTGTAGA-1	-2.697665	2.2482612
CACAACATCTTCACTA-1	7.5875716	8.70766
CACAGATCACAGTTAC-1	7.681904	6.9192953
CACCTGTGTCATCAAC-1	15.540922	5.6487837
CACCTGTTCAGTGTGT-1	17.940714	7.7572384
CACGTTCTCTCATATC-1	-7.2240357	-3.133538
CACTAAGGTTTAGAAG-1	-5.809166	-3.2422469
CACTGAAAGCGTTGCC-1	-4.951796	-0.866076
CAGCTAAGTCTGATTG-1	9.676293	5.045749
CAGCTAAGTGTCCCAG-1	17.542688	6.9236503
CAGCTGGCAACGTCCG-1	-4.3277836	-1.4341264
CAGCTGGCAGTAGTTC-1	-7.137809	-0.7051061
CAGGGCTTCCATTGAG-1	13.911537	5.485499
CAGTGCGCAACATAAG-1	-5.66045	-2.2773607
CAGTGCGCATCCATAG-1	14.53394	5.9203315
CAGTGCGTCCACGAGC-1	15.336082	6.0322647
CAGTGTATCACGTCAA-1	17.66137	7.1598682
CATAACGCAACCTCTC-1	16.919077	5.981706
CATAACGCACCTCGTT-1	17.599033	7.438793
CATAACGTCTATCTCA-1	-4.425643	-1.533773
CATGTTTTCGCAAACT-1	-3.3031187	-0.70986074
CATTCATGTGAATGTA-1	13.414773	4.746814
CATTGGAGTAACGGCA-1	-3.7428863	0.40317884
CCAATGAAGATATGTG-1	19.771397	8.90256
CCACAGGCAAGGTTCT-1	18.617495	9.101633
CCACGTTGTCTCTGCT-1	15.533049	5.7858033
CCACGTTTCGCGCCAA-1	-3.2343395	0.37996256
CCAGAATAGATTCCGT-1	-2.6818259	1.7812433
CCAGATAGTTACGCTA-1	-4.5291743	1.8127338
CCAGATATCTACCCGT-1	17.43909	6.8028617
CCATACCCACAGCTTA-1	8.32641	5.9286256
CCCACATTCGTCGCAG-1	-4.2655044	-0.6561681
CCCTAACAGGTCTTTG-1	-4.4328074	-1.8073114
CCCTAACTCACGATTG-1	-3.91668	-1.8489969
CCCTCTCAGGAAGGTA-1	18.161299	8.757959
CCCTCTCGTACGTAAA-1	8.92328	5.5336437
CCCTGATCATTCTTTG-1	-5.400028	0.5995542
CCGCATTAGTTCGTTG-1	-4.4586005	-0.07699613
CCGCATTGTGCACTTA-1	-5.4962616	-3.070318
CCGTAGGAGTCAGCCC-1	15.850317	5.9596014
CCGTGAGAGGGTCTGA-1	-3.0150812	1.644996
CCTATTACACTTACAG-1	7.6364365	7.3394856
CCTCCCTCAAACTACC-1	-3.4483724	-0.7665221
CCTCCCTCAATGGTCT-1	14.456485	6.1159234
CCTCCCTCAGGCAGAT-1	17.495668	6.6417894
CCTGGGATCTCGACAA-1	-4.667233	-1.3878547
CCTTGCATCTGGCACG-1	14.867364	5.3901753
CCTTGGTTCTCTTCCT-1	14.256688	5.621585
CGAGTTAGTATCGCGC-1	12.873325	4.795637
CGAGTTATCAAGTTGC-1	-4.1696587	0.103783585
CGATGATCAGTCAGCC-1	18.104462	8.70368
CGCAGGTGTGGAAAGA-1	16.63427	6.8076177
CGCGCAAGTTGGTAAA-1	-7.536967	-2.9197989
CGCTAGGAGCAATAAC-1	-6.120783	-3.2720456
CGCTAGGGTTCTGAGT-1	-5.1740403	-2.468517
CGCTATCAGTAGTTCC-1	15.686758	6.23758
CGCTATCAGTGATAAC-1	18.19497	8.8642435
CGGACCAAGGAAGGTA-1	18.763796	8.319881
CGGACCACACAAGTGG-1	19.95493	8.769711
CGGACTGCACAAGGGT-1	-6.3853645	-0.27104193
CGGACTGGTATATGGA-1	14.962163	6.109667
CGGACTGTCGCAAACT-1	-5.042784	-0.16092367
CGTAAACCATCCCAAA-1	16.552961	7.1062245
CGTAAACTCACTAGCA-1	-7.2211833	-0.5734145
CGTACAAAGCAGAAAG-1	7.782065	6.580958
CGTACAAGTCAAACAA-1	-6.7978525	-2.6608634
CGTACAATCACGGGTC-1	12.653434	4.9604435
CGTTCCAAGAGGCAGG-1	7.6819153	7.1187086
CTAACTTAGAAATGGG-1	-4.90214	-1.8682891
CTAACTTCATTCGTCC-1	-4.000223	-0.33793986
CTAACTTGTGGTAGAC-1	7.441564	7.32394
CTAACTTTCTGGCTAA-1	18.316133	8.965545
CTACAGAAGCGTTGCC-1	-3.2237067	2.2265232
CTACTTAAGACGTCAG-1	-3.4745555	2.1856718
CTACTTATCGCAAACT-1	-5.9779506	-1.586448
CTAGCGGCAGGTAGGT-1	17.816803	8.592335
CTAGCGGGTGACCAGA-1	7.7559733	6.6519647
CTAGGATAGGCCAGTA-1	-7.1593413	-3.3359716
CTAGGATGTAGCGAGT-1	18.371445	8.6109915
CTCAACCTCGTTCCGT-1	16.46177	6.9935927
CTCACCAGTATTGTGC-1	18.116873	8.272123
CTCACCAGTCAGAAGC-1	10.989865	4.6310496
CTCAGAACACAGGTAG-1	-5.902648	0.6807148
CTCAGCTGTAGCGGTA-1	7.962089	6.382122
CTCAGCTTCGTGAGTT-1	-4.946431	1.5264417
CTCCCAACAAGCAGGT-1	13.7114725	4.681203
CTCCCAAGTCTAAAGA-1	17.779049	8.555562
CTCGCTAAGCCTTTGA-1	-7.497208	-2.8580387
CTCTACGAGGCAAGGG-1	-5.8283653	-2.7281108
CTCTCAGAGATAGGTT-1	14.115546	5.7008014
CTCTCAGAGCGTATCT-1	17.656834	6.9724593
CTGAATGCAAGCAGGT-1	-3.2988591	1.2093483
CTGCGTTTCAAGGCCC-1	-6.105835	0.95941937
CTGCGTTTCTCGCGTT-1	7.861414	6.463998
CTGCTCACAGTAACCT-1	18.401997	8.776044
CTGCTCAGTACGGATG-1	7.8427634	8.432554
CTGGCAGGTAATGTAG-1	10.510912	5.0141907
CTGGCAGTCTGATCCC-1	9.549652	5.1994634
CTGGGACCAGAACAGC-1	10.818881	4.8150687
CTGGGACGTCCGGTAC-1	16.232052	6.4766498
CTGTTCGCAGTAACCT-1	-6.9965806	-0.75083953
CTGTTCGCATACAACC-1	8.03789	6.3100824
CTTAATCGTCGGCTGT-1	14.903654	6.014118
CTTAATCTCTTGTGCC-1	-4.2206244	-1.6490532
CTTCTAATCCAAACCA-1	19.14976	8.816667
CTTCTAATCTACCCGT-1	-3.8554366	-0.6139862
CTTGTCGGTGCATCAT-1	12.833183	4.617122
CTTTGCGCACTGATAC-1	-6.4471765	-2.7987895
CTTTGCGGTATTGTCG-1	10.69645	4.7650695
GAACCTAAGGAAGACA-1	20.082533	8.698267
GAACCTAGTGGGTAGT-1	7.730311	8.553026
GAACGTTAGTCGCGTC-1	-3.4420247	1.6496474
GAAGAGCGTGACAAGC-1	-7.3658605	-3.220846
GAAGAGCTCCTAGAGT-1	-4.7520576	1.2696882
GAAGAGCTCGTGGAAG-1	-6.5645547	-2.547695
GAAGTCTTCTACTTTG-1	-2.662639	2.0669
GAAGTGGCACAAACGG-1	-3.104081	-0.04146957
GAAGTGGGTAGAGAGA-1	-5.544711	-3.1737213
GAATCTGTCACTGGTA-1	-7.205806	-3.4862204
GACCAATAGCGAATAT-1	20.202127	8.753692
GACCGACAGCAGAGCT-1	-6.984883	-2.6821868
GACCTTCTCCAATCCC-1	12.966923	4.6592956
GACTAACAGCACGTAG-1	15.244983	5.6494145
GACTAGTAGATTCCGT-1	-4.8737154	1.385858
GACTAGTGTGAATCAA-1	7.4841704	8.362331
GAGAACGCACAATAAG-1	13.993544	5.2094545
GAGAACGCAGGCATTT-1	-4.0489264	2.0084763
GAGAACGGTTGTGAGG-1	-7.1045637	-3.035059
GAGACTTGTAGACGCA-1	-5.6162353	1.0812093
GAGACTTGTGTCGGTC-1	-7.4059544	-1.2807575
GAGATTCAGGCAATTA-1	16.035767	5.7015877
GAGATTCCAATCAGGG-1	-7.5120783	-1.650363
GAGATTCGTATGGGTG-1	11.176818	4.576799
GAGCATTTCTTAAGCG-1	13.778389	5.969308
GAGCGCTCATCTGCAA-1	-6.7130313	-3.4613945
GAGGTCCAGCAGGAGG-1	7.677093	8.455171
GAGGTCCGTTCAGAAA-1	13.382591	5.114989
GAGTGAGCATGTATCG-1	-6.650338	-2.8091207
GATCATGCACACATGT-1	7.853158	8.224115
GATCATGCAGGTAGGT-1	-4.30831	-2.0852826
GATCGTAAGAGCGAAA-1	13.808195	5.1885924
GATTAGCAGGGAGTTC-1	12.93036	4.9897194
GATTAGCGTGCTGAAG-1	9.034051	5.4413776
GATTGACCACGCGCAT-1	10.482905	4.627165
GCACGCAAGCGAATAT-1	-3.0864282	2.3006077
GCACGCACAGGTGGTA-1	-6.745548	-2.4690492
GCACGGTGTAACATAG-1	14.804729	5.037745
GCAGCCAGTTGTGAGG-1	7.4850073	8.202589
GCAGCTGGTATCTAGC-1	-5.9813433	1.0362424
GCATGATAGTTCAAGA-1	13.790226	5.969723
GCATGATCAATGACTC-1	-3.8828926	-1.3072187
GCATTCCGTATTGTGC-1	8.758757	5.656746
GCCAGACGTAACATAG-1	-5.3842525	-2.91336
GCCCAGAAGGATGCCA-1	-3.5454369	1.2158772
GCCCAGAGTGGCGCTT-1	-4.515474	1.2612336
GCGAGAACAACGTAGG-1	-4.211022	-0.42163053
GCGAGAAGTCCACCAG-1	-4.518669	0.66217035
GCGATCGAGTATCTGC-1	9.807268	5.1732345
GCGCATGCACAGTTAC-1	18.883898	8.3994875
GCGGGTTAGAACCCGA-1	19.28973	8.676105
GCGGGTTAGAACGTCG-1	19.39533	8.319451
GCGGGTTAGCTACGCC-1	-3.268005	1.8785788
GCGGGTTCATCCCGGA-1	-3.73305	-1.2151514
GCGGGTTCATTATGGC-1	17.17882	7.0692463
GCGGTGTTCTGCGTCT-1	14.456261	5.6713953
GCGTTGGTCTAGTCGA-1	14.512224	5.0073338
GCTCAGGCACCTGAAT-1	18.950558	8.88525
GCTCAGGGTTTCGACA-1	9.726133	5.040019
GCTCAGGTCACGGGTC-1	-4.008853	1.3642412
GCTCCTAGTAACAATG-1	7.682893	7.5572476
GCTCCTAGTTATCGAC-1	18.990751	8.340063
GCTCGAGCAGACTAAA-1	-4.091738	0.365463
GCTGAGCTCCAACAAC-1	7.710434	6.8689938
GCTTAAGTCCGTGCAG-1	12.202781	4.9058666
GCTTAAGTCTTCACTA-1	18.442486	9.051227
GCTTGCTTCGGATGTT-1	-5.5694785	0.35027593
GGAACCCAGATATGAC-1	13.563642	4.7241364
GGAATCTGTTCTCGAA-1	16.300877	6.862614
GGACACCCACTCGTGG-1	-7.1940374	-2.754474
GGACACCCATTCACGA-1	18.194069	9.007725
GGAGAACTCTTCCAGC-1	-4.5445595	-0.011305953
GGAGGATAGAGCTACG-1	-4.9750485	-0.5022122
GGAGTAGGTAACTCCA-1	17.377895	6.446326
GGATGAGTCGCACAAT-1	-4.619801	-0.23269817
GGCATTACAATTCTCT-1	-4.1748548	-1.6382343
GGCATTAGTGTACGCC-1	-7.1261477	-2.5631075
GGCGAAAAGGCGTCCT-1	15.102448	6.269241
GGCGAAACAAGGGTAC-1	-4.5784135	0.10257145
GGCGTTGGTATTCTTC-1	-3.0564404	0.40160558
GGGCCATAGAATGCTA-1	-5.7547855	-2.215395
GGGCCATTCCTTTGCG-1	12.491734	4.9417562
GGGTGTCCAATTCTCT-1	-2.9478598	2.503336
GGGTTATAGTTCTCCC-1	19.59913	8.79583
GGGTTATCACTAGCCG-1	-4.4648647	-1.0906942
GGGTTATTCACCCTTG-1	-7.0160146	-3.43577
GGTACCGGTAAAGGCC-1	-4.5923214	1.7164292
GGTACCGTCAAACCCA-1	14.166702	5.650248
GGTCATATCACATCCC-1	15.929317	6.4839387
GGTCATATCCGTCAAA-1	7.6674905	8.48167
GGTGAAGAGTCTGTGT-1	-6.6226897	0.38192543
GGTGAAGTCACTACCC-1	15.943318	6.2265673
GGTGTCGTCATGCTTT-1	-4.0010743	1.4815891
GGTGTCGTCTTACGGA-1	-7.257371	-3.5982528
GGTGTCGTCTTCTCTC-1	-5.4340997	-0.10925098
GGTTGCGAGACCTATC-1	-5.639803	-2.1917188
GTACTTTAGTGGGACT-1	-7.5867424	-2.203304
GTAGACTAGTCTGGGA-1	-4.556951	-2.2389264
GTAGACTTCGCTCTAC-1	19.518534	8.475513
GTAGTACAGGGTGTTG-1	-7.0775127	-3.4735389
GTAGTACCAAGTGGCA-1	16.207287	5.7081895
GTAGTACCAATGAAAC-1	7.7042785	8.308366
GTCACAATCGTTCCGT-1	10.369444	4.9252067
GTCACGGCAGTCAGCC-1	-3.4843178	-0.112907454
GTCACTCGTAACCGAG-1	10.323634	4.9290547
GTCCATCAGGCAAGCT-1	10.525351	4.9901834
GTCGTAATCTCGTAGA-1	17.258625	7.863772
GTGACATAGGATTAAC-1	16.643757	6.8199954
GTGACATGTTCAGAAA-1	-5.8644104	-3.0919929
GTGACATTCTTACTCA-1	7.60376	7.2957253
GTGATCAAGTTCGACT-1	18.848227	9.010483
GTGCTGGAGATCACCT-1	20.27238	8.626882
GTGGATTGTGAATACA-1	-4.0020766	-0.6828192
GTGGCGTAGTGTCACT-1	-5.2685213	-1.5542133
GTGGCGTGTAGAATAC-1	17.79579	6.8845882
GTGGCGTGTCTCGGGT-1	7.5862093	9.013826
GTGGCGTTCATCATGG-1	10.60009	4.706768
GTGTCCTAGATGCGCA-1	-5.039082	-2.6544843
GTGTCCTCACGTGAAG-1	-5.3829784	-3.1310763
GTTACGAAGGGAGTTC-1	-5.434843	-1.6429312
GTTACGACACCTCGTT-1	7.3444767	7.727446
GTTATGGTCCTGTAGA-1	-6.415857	0.7578341
GTTCAAGAGTTAGCGG-1	-3.8369884	0.22033986
GTTGGTACACAAACGG-1	10.1505165	4.95935
TAAACCGTCGCGATGC-1	-6.4293976	-3.3243797
TAACGGTTCGCTAGTA-1	16.222868	6.152166
TAACTTCAGCGCATTT-1	7.5052247	7.717229
TAACTTCGTAAGGTCG-1	-3.8375494	1.6515049
TAAGCCAGTTCGGGAA-1	-5.8934336	-3.3904097
TACAGCACACTCGGAC-1	16.782238	6.06424
TACATGGCAAGCGGTA-1	-5.5121384	-1.9409444
TACATGGGTACTAGAA-1	11.598075	4.611062
TACATGGTCGTTCAGA-1	14.102331	5.088074
TACATTCAGACTAATG-1	16.159376	6.7196965
TACCCTGCACTGTCGG-1	-6.3954535	-2.0440931
TACCCTGCATTGATGC-1	14.684856	6.0180974
TACCTATCACATATCG-1	-2.879086	2.4356384
TACCTCGAGAGTGGAA-1	-5.726227	-3.2064838
TACCTCGGTATCCTTT-1	-4.5054893	1.3836508
TACGCAAGTGTGCGTC-1	17.416128	6.337081
TACGCCTTCCAATAGC-1	-7.396477	-3.1964836
TACGCCTTCCTGGGAC-1	14.324181	5.5813284
TACGGATGTCAGCAAG-1	15.12733	6.395362
TACTAGGAGATCGAGC-1	12.399109	4.410152
TACTCGCTCAAACCCA-1	-3.085873	1.7311724
TACTCGCTCGACTGGC-1	-3.5550475	2.1063051
TACTCGCTCTTACGGA-1	14.741111	5.5184236
TACTGCCAGCAGGACT-1	17.975739	8.483888
TACTGCCGTAGACGCA-1	-5.0124307	-1.5697453
TAGACTGCAAGTAACA-1	19.813848	8.595245
TAGCACATCTAGCAAC-1	-3.4308555	0.28333446
TAGCATGCATTCTCGC-1	17.691301	7.5296726
TAGCCCTGTCTCGGGT-1	13.505943	4.683628
TAGCCCTTCGATATGC-1	14.652102	5.8106413
TAGCCGGCAGGATAGC-1	14.749986	5.3365026
TAGCCGGTCGAGTTAC-1	-7.496628	-1.1792196
TAGCGGCAGATGTTCC-1	13.912853	6.071435
TAGCGGCTCTGGTACA-1	-6.3717074	-2.1725354
TAGGAGGAGGACTAGC-1	-5.765987	-1.1775448
TAGGTCAGTAGAATAC-1	-3.357546	2.0537822
TAGTCCCGTAGTTTGC-1	-3.4707286	1.8861922
TAGTCCCTCGTATAGC-1	-3.9397843	-1.4882351
TAGTCCCTCTTGGCCT-1	-6.8988853	-0.38653195
TATCGAGCACCCTTTG-1	-5.7481003	1.1864202
TATCTGTCATCGGCCA-1	10.616716	4.739275
TATCTGTTCTCTGCGT-1	17.186617	6.188505
TATGTGGGTGTACGCC-1	-4.92463	1.3974696
TCAAAGCCAGCTTACA-1	15.146605	5.357435
TCAAAGCGTTCCCGGA-1	19.101927	8.964073
TCAAGACGTCATGAGG-1	17.69164	8.652841
TCACCACCAATGCCAT-1	7.416929	8.471649
TCACCACTCGATGAAA-1	12.209747	4.513779
TCACCTGTCGGATAAA-1	14.457911	6.068698
TCACTCGCAGCAATGG-1	9.338581	5.3418674
TCAGGTAAGGAAGAAC-1	18.0258	7.8619514
TCAGTCCTCCCGATTC-1	14.321411	4.9244137
TCAGTTTTCAGTGTGT-1	-6.011465	-2.2326598
TCCAGAAAGTGTTCCA-1	17.36266	8.26715
TCCAGAACATAGGCGA-1	-3.5863771	1.6029787
TCCAGAAGTTAACCAC-1	-4.6445394	1.6718863
TCCCACACAGTTACAC-1	-6.184131	-3.3918197
TCCGACTGTAGTATCC-1	-4.3061886	-1.8236276
TCGATTTAGGGTCTGA-1	7.325588	7.5495086
TCGATTTCATTGAACC-1	-7.445766	-3.4697475
TCGATTTGTTTCCACC-1	-3.8805046	0.7607035
TCGCAGGAGTAATGTG-1	9.723483	5.0689874
TCGCAGGCAGTAACTC-1	17.386095	6.9462132
TCGTTCGCAACGTACT-1	-3.7999508	1.928428
TCGTTCGTCGACTCGG-1	-5.0359163	0.54940605
TCTCAGCTCTGAAAGA-1	14.488904	6.0335326
TGAATCGGTGGTGGTA-1	-2.6079476	2.337482
TGACTCCGTAGCGAGT-1	-2.7765877	2.4642339
TGACTCCTCTAGTCGA-1	13.838739	4.7635264
TGAGCCGAGGAAGGTA-1	-6.93791	-2.95847
TGAGTCACACCACGAC-1	-7.1066837	-2.795668
TGATGCAAGTCGTACT-1	-5.6844015	-1.7465174
TGATGCACAATGTGCT-1	-4.7780943	-2.484725
TGCATGACACAAGTGG-1	-4.6903324	-2.3548236
TGCATGACAGTGCGAA-1	19.134085	8.423968
TGCATTTCAAATTGAG-1	-3.13102	-0.5881737
TGCATTTGTAACATAG-1	-5.054891	-2.0547245
TGCATTTGTTCAGAAA-1	15.790432	6.6307993
TGCCTGTGTAGTTTGC-1	10.00736	5.040781
TGCCTGTGTCGCTACG-1	7.7732506	8.805759
TGCTATTAGGTTGTGG-1	-4.9091287	-1.1652572
TGCTCACAGCCGCTGT-1	-4.755498	-1.8126817
TGCTCACAGGAGACTC-1	15.088269	5.9156613
TGCTCACAGGTTAGTA-1	-6.3439884	0.62503374
TGCTCACCAAGTAATG-1	-6.1056595	-1.5174307
TGCTCGTAGGTCTTTG-1	14.915452	5.165371
TGCTCGTCAACACGGA-1	18.080708	8.333072
TGCTTTAAGTAGCAAT-1	7.230014	8.47342
TGCTTTACATGGTATC-1	7.716709	6.924597
TGGAAGGAGCAGTAGC-1	8.27736	5.9823833
TGGAAGGGTTGTATCG-1	17.632483	8.501439
TGGAAGGTCTATGAGC-1	16.364115	6.2240505
TGGACATGTTCTACCC-1	18.87473	8.594685
TGGCCTTAGCAACGGT-1	-3.1645155	0.54108655
TGGTCAAGTTGAAGCG-1	11.414723	4.6146255
TGGTCCTCATGTATCG-1	-3.2279537	2.4911513
TGTAAGCCAAGTCCTA-1	-3.6314096	-1.3059424
TGTACAGAGACCCTAT-1	-5.9814887	-0.42997104
TGTACAGGTGATAGAT-1	13.619926	5.0765953
TGTACGAGTCAACAGG-1	-5.0051174	0.072417654
TGTACGATCGAGGTCC-1	18.625246	8.016436
TGTAGCAAGATATGTG-1	-3.6786861	1.1317382
TTACCGCGTCGTAGTT-1	-7.407159	-3.4243243
TTACGGACAACTCCCT-1	-3.870849	-1.4070787
TTACGGACATTTGTTC-1	13.306185	4.986679
TTACGTTTCGGTCGAC-1	-7.2535186	-0.80752516
TTACTCATCATGCTTT-1	11.378004	4.927402
TTACTCATCTTATCAC-1	-6.8726544	-0.21029453
TTACTTGCAGCGCGTT-1	-6.374108	-0.3653392
TTACTTGGTGCATCAT-1	-7.3688474	-0.92635894
TTAGCTTGTATGTCCA-1	-4.3402205	-1.0488856
TTAGGTGCACCGTTGG-1	-5.838116	-1.9266027
TTAGGTGGTTTAAGGA-1	-6.7117715	0.27897125
TTATGTCCATTACTTC-1	-6.493085	-2.8664534
TTATGTCTCCTCAAGA-1	7.8063307	7.9932685
TTCATCATCTGTCGGG-1	-3.9912348	-1.2133126
TTCGATTCATCTCTCG-1	-5.323681	-2.496706
TTCGCGTGTACGAGAC-1	12.571628	4.718507
TTCGCGTGTGCATTCA-1	-5.3322234	-1.9584863
TTCGCGTGTTAGGCTT-1	7.612742	8.156541
TTCTAACGTGCGTTTA-1	7.7150846	6.515358
TTCTGTAGTTTAGGAA-1	13.881059	4.932663
TTGACGACATCGCTAA-1	7.6946783	7.417533
TTGACGATCGGCATAT-1	-6.0607224	-2.9720573
TTGAGCAGTCTCTGGG-1	17.609903	7.127057
TTGAGTGTCTTGTACT-1	14.913341	6.2908654
TTGCACCAGATATGTG-1	9.157704	5.3760405
TTGCAGAAGCATGATA-1	-4.2740107	1.5675143
TTGCCCACAAGGTTCT-1	-4.170025	-0.44128716
TTGCGAAGTAGCATGG-1	-4.1254215	1.771628
TTGCGAATCCAGAATC-1	-2.9517438	1.916474
TTGCGGGAGTTCGCGC-1	7.9967737	6.0416846
TTGCGGGCAGTAACTC-1	7.4787655	8.919456
TTGGTCCAGCAGGACT-1	-5.5635033	-0.93852335
TTGGTCCGTACGTATC-1	12.673265	4.4351025
TTGTTGTAGTGAGCAC-1	18.635906	8.245214
TTTGCGCAGTCTCCAA-1	-7.6207595	-2.0132606
TTTGCGCGTTAACTCG-1	-3.1626318	1.1251683
TTTGCGCGTTCTACCC-1	17.5555	7.6607018
TTTGGCCAGATCTAAG-1	17.196442	7.180787
TTTGGCCAGTACAGAT-1	14.818399	5.7329607
TTTGGCCAGTGCTCGC-1	-5.6165814	-2.0832367
TTTGGCCGTCCCGTGA-1	15.862125	5.9676957
TTTGGTTCAGAGATGC-1	8.214713	6.0267825
