barcode	dim_0	dim_1	dim_2	dim_3	dim_4	dim_5	dim_6	dim_7	dim_8	dim_9	dim_10	dim_11
AAACTGCAGACTCGGA-1	0.7756623	1.8523898	-1.2863182	1.2885001	-1.8273945	0.3337227	-0.11407261	0.27895275	-0.34687805	-1.5040965	0.14679942	-0.8918929
AAAGATGCACCTATTT-1	0.694648	1.6535641	-1.1828145	1.2189487	-1.671683	0.34109974	-0.14037056	0.31251112	-0.39048326	-1.3979846	0.13424224	-0.71247005
AAAGATGCAGATACAA-1	-0.057221845	-0.8644096	0.035071556	-0.45565286	0.7649489	-0.041254334	-0.19131458	0.35328847	0.024128731	0.6931631	0.45172647	0.79068923
AAAGGGCTCGCTCTAC-1	0.73611003	1.8848172	-1.2598639	1.3357377	-1.8727121	0.38690773	-0.11080753	0.30762202	-0.3612269	-1.5837854	0.11074228	-0.8862442
AAATGAGAGTCCCGCA-1	0.809374	2.08367	-1.3648922	1.4826169	-2.0373468	0.35224256	-0.12173606	0.24214965	-0.4627769	-1.8300598	0.09151791	-1.0592451
AACAAAGCACCCATCT-1	0.6469055	1.5456858	-1.1165249	1.1289616	-1.5864564	0.30475742	-0.06634213	0.21946047	-0.36517972	-1.3060061	0.10854778	-0.7401663
AACCAACTCAGCCGGT-1	0.21764933	-0.461003	-0.194774	-0.27300307	0.288168	0.044305533	-0.24758746	0.4972002	-0.29025084	0.35369605	0.30747506	0.433106
AACCGATTCCAGGTCG-1	0.48345497	0.55339986	-0.6740682	0.48688287	-0.7006168	0.2472861	-0.26847523	0.5146293	-0.4964388	-0.51922345	0.2977061	0.03504435
AACCTGAAGTCACGCC-1	0.78775877	2.0521398	-1.3612021	1.4719003	-2.0213618	0.38615462	-0.12953004	0.27076414	-0.38830027	-1.7572266	0.123871066	-0.9715888
AACCTGAGTTAGGAGC-1	-0.029892223	-0.9270067	-0.038535066	-0.33819437	0.6286399	-0.10830413	-0.22778966	0.43745735	-0.097077206	0.6731718	0.5353997	0.6187858
AACCTTTAGTAGTCGG-1	0.58973795	0.9200248	-0.85780513	0.7403608	-1.0209926	0.31424764	-0.22675197	0.43118978	-0.4202534	-0.82587063	0.24650273	-0.24008463
AACCTTTCAGTAGTCT-1	0.44617414	0.6239608	-0.8808771	0.6672426	-0.5927388	0.055738643	-0.3106165	0.47747967	-0.48552555	-0.30948174	0.20972323	-0.058238227
AACCTTTGTAGAACGC-1	0.07292302	-0.6049921	-0.112505324	-0.26826197	0.51435053	0.007862447	-0.20591195	0.3705275	-0.03276983	0.46999064	0.42310154	0.64475214
AACGAGGTCTCATCCG-1	0.71221906	1.7518544	-1.1966558	1.2258261	-1.7594634	0.3248214	-0.074656785	0.25042167	-0.35068318	-1.4665815	0.123621374	-0.80085343
AACGGGACATTCGTCC-1	-0.051141202	-0.6607289	-0.011039957	-0.33185682	0.61602026	-0.05264733	-0.110716715	0.29765895	0.0011693053	0.40265876	0.41473746	0.58546305
AACGGGAGTTTAGACC-1	0.7830247	1.9779803	-1.3258163	1.4032422	-1.9577975	0.39596277	-0.1492937	0.28955957	-0.39668703	-1.6701093	0.11639307	-0.9002306
AACGGGATCCGGCGAT-1	-0.0053643975	-0.8409698	-0.05362145	-0.34227592	0.5047334	-0.122012086	-0.04468398	0.18359613	-0.18150173	0.36211112	0.49783587	0.5436841
AACGGGATCCTCAAGA-1	0.7659177	1.8159412	-1.2075021	1.1304771	-1.8987333	0.19490203	-0.01836291	0.18521678	-0.34771368	-1.4609766	0.23862457	-0.984783
AACGTACCAATCAGGG-1	0.59784925	1.5678087	-1.0625951	1.1264218	-1.5969977	0.32826874	-0.050615206	0.18438055	-0.30215982	-1.3276589	0.07883196	-0.74278945
AACGTACCAATGAAAC-1	0.82412535	2.0972066	-1.3822702	1.4914279	-2.0263236	0.37592605	-0.13479191	0.32903555	-0.43403533	-1.7849131	0.1545388	-0.9516402
AACTGGTTCACAGGGA-1	-0.012874862	-0.70541245	-0.0050325543	-0.35575888	0.61895066	-0.06570685	-0.15159896	0.30670503	0.010560673	0.5179367	0.40317544	0.6887835
AACTGTGGTACGGAGT-1	-0.034494415	-0.7129375	-0.015183359	-0.3562821	0.63278925	-0.058437623	-0.12855834	0.31344792	0.00082043186	0.49417314	0.4142039	0.6335895
AAGATAGGTAAAGGCC-1	0.7310786	2.0204403	-1.3157891	1.3749313	-2.0093005	0.38823545	-0.08430025	0.22900255	-0.37482697	-1.6783502	0.08521534	-0.97275287
AAGGAGCCAACTGCGC-1	0.68297106	1.7949859	-1.229525	1.2769156	-1.8109488	0.35935974	-0.08589335	0.22697656	-0.3727908	-1.4847904	0.105825	-0.8659107
AAGGAGCCATGGTATC-1	0.76912695	1.8730981	-1.2739733	1.3687302	-1.9073086	0.40235665	-0.1595007	0.32329842	-0.37748384	-1.5661273	0.085272335	-0.87824917
AAGGTTCCAATTCGTG-1	-0.010494456	-0.72807187	0.22296622	-0.4646128	0.63833994	0.04615283	-0.1824302	0.33931172	-0.08107901	0.6137396	0.28378963	0.62824374
AATGCCACATAAAGTG-1	0.7896544	1.8714828	-1.2508509	1.3613544	-1.887966	0.38833192	-0.1182511	0.26894554	-0.3532472	-1.54844	0.11273545	-0.8615043
AATGCCAGTGCGTGTC-1	-0.070625454	-0.8427743	-0.057083316	-0.28521585	0.69529724	-0.022796148	-0.16744128	0.36481953	-0.10324463	0.47228873	0.41768986	0.82976425
AATGGAATCTGATCCC-1	0.59892595	1.6286185	-1.1121571	1.1508646	-1.6487094	0.29986337	-0.04202777	0.25591955	-0.34209663	-1.4047893	0.1439569	-0.7052826
AATGGCTGTCAGCAAG-1	0.6301683	0.8221486	-0.8683554	0.68275595	-0.91299653	0.33705464	-0.3194158	0.51046884	-0.5054909	-0.71385133	0.30662626	-0.14511327
AATGTCGCATCTCTCG-1	0.7530139	1.8584921	-1.2254096	1.2836659	-1.8291851	0.38302422	-0.079120085	0.26524594	-0.3928258	-1.6275401	0.11733306	-0.8851606
AATGTCGGTTTCACCC-1	-0.04646229	-0.6899461	0.04888165	-0.33879134	0.61043787	-0.049357276	-0.108746186	0.26977542	-0.042963192	0.4545494	0.33323693	0.58444434
ACAAACCTCTGGCTAA-1	-0.022311615	-0.80556464	0.021945264	-0.42603618	0.699025	-0.048381638	-0.14693008	0.33881992	0.013481874	0.60088015	0.4119746	0.7045925
ACAAGCTAGTCTGCTA-1	-0.008378677	-0.8831438	0.016118702	-0.4560779	0.79695445	-0.032865405	-0.23320994	0.35428128	0.04469886	0.7034639	0.46530458	0.82819015
ACAAGCTCATTTCACT-1	0.03460555	-0.7221571	-0.06926007	-0.3074189	0.62059754	0.0020709112	-0.21974422	0.35999233	0.013316181	0.60643476	0.44861552	0.7077707
ACAAGCTGTAGAACGC-1	0.8939942	1.9513348	-1.3679012	1.210149	-1.9322685	0.2436905	-0.24271981	0.30681682	-0.4834236	-1.4545048	0.04451861	-0.9000615
ACAAGCTGTCACCCGA-1	0.80269724	2.1358469	-1.3534586	1.4879335	-2.1089692	0.40236706	-0.13743159	0.28678137	-0.33331954	-1.8513695	0.12972537	-0.9385601
ACAAGCTGTCGCTAGC-1	-0.027449554	-0.7630785	-0.025591642	-0.36983776	0.6766766	-0.030970855	-0.1809313	0.32392845	0.009704087	0.57038057	0.43534967	0.71714044
ACAATCGAGAAACGCC-1	-0.09147937	-0.7611575	-0.011244342	-0.46832892	0.63082945	-0.0117643075	-0.18033113	0.26177126	0.08287406	0.6180419	0.4910337	0.626758
ACAATCGTCTCGTAGA-1	0.5762045	1.4142345	-0.95937985	0.9778041	-1.4643216	0.21714194	0.004228944	0.23003724	-0.362137	-1.2524233	0.094283745	-0.6338499
ACAGACTTCGCTGATA-1	0.87474555	2.2658048	-1.4897535	1.6492285	-2.2029111	0.38926482	-0.12811589	0.27059782	-0.4619466	-2.001225	0.11281356	-1.0626976
ACAGACTTCTATCCTA-1	-0.018777931	-0.65198946	-0.0016401708	-0.3298625	0.57917416	-0.028355636	-0.11326781	0.28303486	-0.07223032	0.45963892	0.36865985	0.54929835
ACATGGTTCTGAGTCA-1	0.72714025	1.7472551	-1.1981962	1.2712095	-1.7782748	0.34741214	-0.106070854	0.23328033	-0.35302076	-1.5133702	0.10404917	-0.82536966
ACCTGCTAGTTCGTTG-1	-0.04870665	-0.8761794	0.051983178	-0.44080612	0.7698451	-0.06303062	-0.18333022	0.32936567	0.019660804	0.6433559	0.45659122	0.767613
ACCTGCTCACTCCCAT-1	0.5912853	1.5324913	-0.9827444	1.0043603	-1.5353436	0.2483523	-0.009221062	0.19683562	-0.5550066	-1.4004762	0.09350793	-0.6927124
ACGGATTCAACTTGGT-1	-0.023348289	-0.6774398	-0.014838658	-0.34541443	0.57289135	-0.022335803	-0.10247236	0.23909663	-0.029928192	0.4659284	0.35079694	0.5367296
ACGGATTCATGTAGAA-1	0.24574186	0.3544876	-0.53557134	0.29751906	-0.3898705	0.057969548	-0.0848043	0.2775779	-0.266883	-0.3745134	0.26022494	-0.016378608
ACTACCCGTCCTCAGG-1	0.021804985	-0.812671	0.096928634	-0.42383757	0.68607366	-0.0072742235	-0.16706327	0.34646899	-0.061330434	0.5529744	0.37269837	0.66963106
ACTAGGTCACGCGTTG-1	-0.0186715	-0.6988502	-0.050992705	-0.31505546	0.59741	-0.02472741	-0.1024626	0.19648331	-0.01434727	0.48886344	0.38597012	0.55964595
ACTGCGGAGTGAATAC-1	0.7373327	1.9233656	-1.2932656	1.3873563	-1.907746	0.36720687	-0.115277454	0.29801485	-0.33791846	-1.6663115	0.13049823	-0.8650427
ACTGTCCTCTCTTAAC-1	0.8102836	1.9917201	-1.3064193	1.4272804	-1.9936848	0.41555244	-0.124997415	0.26931536	-0.37667274	-1.6994693	0.10029758	-0.96644896
ACTTTCATCCTAAGTG-1	0.6253047	1.0586126	-0.90972006	0.8679973	-1.1117407	0.3112355	-0.20614406	0.48363933	-0.3563523	-0.94622016	0.2537476	-0.27807587
AGACAAACAGTAGTCT-1	0.7783174	1.8684548	-1.2537209	1.3391786	-1.8950951	0.39741644	-0.12594049	0.24989648	-0.32901734	-1.6030511	0.15342173	-0.8828058
AGACAAATCCAGTACA-1	-0.032595813	-0.8105541	0.037115708	-0.40120158	0.74381685	-0.092619814	-0.15626602	0.35014895	0.03216893	0.58123356	0.4373912	0.7639008
AGATAGAAGTTCGTTG-1	0.757468	1.7984078	-1.2333431	1.2882876	-1.8192524	0.3522237	-0.13292612	0.2660341	-0.3636064	-1.5153326	0.09562457	-0.80450374
AGCCAGCTCGGTACTA-1	-0.053165868	-0.7096137	0.010112714	-0.31549478	0.6330826	-0.0059560537	-0.12976423	0.25332245	-0.04286304	0.4533745	0.3500661	0.60402834
AGCCTCTGTGTCCTTC-1	-0.011166275	-0.6666642	-0.031034447	-0.36938897	0.6219734	0.09381457	-0.17177649	0.39832252	0.10264398	0.52049625	0.43956023	0.60097814
AGCCTGGGTGCTGTGC-1	-0.09393062	-0.7624054	0.0497731	-0.38516378	0.6492491	-0.05282685	-0.10313364	0.265392	-0.022568073	0.5149033	0.3644022	0.6595371
AGCCTGGTCGGATCGC-1	0.4941925	0.40742987	-0.612533	0.41795897	-0.55729043	0.2446099	-0.26861775	0.46025646	-0.45062804	-0.41414294	0.27564725	0.03260164
AGCCTTCGTACTTGAC-1	0.5988676	2.223783	-1.3277044	1.3241897	-2.3123307	0.6402656	-0.23952979	0.21009898	-0.5969198	-1.7361364	0.025044043	-1.201476
AGCGTATAGTTCAGGG-1	-0.030017534	-0.7107837	0.021933746	-0.38527802	0.6658333	-0.08233157	-0.13253081	0.32067886	-0.026612438	0.48631874	0.41374683	0.64612156
AGCGTATCAGGTCCTG-1	0.7105378	1.7603229	-1.1868849	1.2523396	-1.7389123	0.35837013	-0.1453172	0.24369884	-0.34284365	-1.5366268	0.12313373	-0.8181654
AGCGTGCAGGTGTTGG-1	0.7003648	2.1652343	-1.2851398	1.5037646	-1.9104321	0.32836333	-0.15983666	0.46488518	-0.13621987	-1.5238036	0.050042443	-0.8201167
AGCTATGGTGTCGTCG-1	-0.06841205	-0.77218646	0.08462268	-0.40645868	0.6941428	-0.054299127	-0.10807316	0.25974646	-0.002097264	0.5485183	0.35412973	0.62547195
AGCTGATGTCGAGGAT-1	0.48402715	0.6465963	-0.71575725	0.57751966	-0.7527626	0.23654555	-0.24842791	0.48716277	-0.5006454	-0.6336118	0.29758564	-0.013867285
AGGACGAGTACCCATA-1	0.68767184	1.7327572	-1.1744387	1.2191054	-1.7762971	0.3117201	-0.051418815	0.26082763	-0.371612	-1.5181006	0.12821797	-0.7895818
AGGCCCACAGTGGTCC-1	0.46587262	1.607124	-0.9778134	1.0951028	-1.7431997	0.4413226	0.09965528	0.3061561	-0.13019975	-1.4319017	0.22298509	-0.8471269
AGGCCTGAGTCGACCC-1	0.70284766	1.5613884	-1.1203008	1.2669955	-1.6353436	0.5814173	-0.4095325	0.28681773	-0.11113007	-1.2595663	0.1567128	-0.53110135
AGGCCTGGTAACGGAC-1	-0.02274572	-0.66902846	0.009160593	-0.34229058	0.5672406	-0.028694743	-0.075101346	0.22400816	-0.055909846	0.45992684	0.32079664	0.5192357
AGGCCTGGTAGACGCA-1	0.6247571	1.5117437	-1.0875785	1.097303	-1.490295	0.24025197	-0.10719736	0.25918856	-0.33828196	-1.2724233	0.17240492	-0.6600481
AGGCCTGTCTTAATCC-1	0.8546909	2.1627169	-1.34705	1.6024525	-2.1852071	0.3449955	-0.046911314	0.3997633	-0.3160008	-1.7630209	-0.055335872	-0.9828393
AGGCGAATCGATTACG-1	0.12746577	-0.80803126	0.16135985	-0.46224543	0.75265175	0.0444471	-0.21965475	0.29198527	-0.06972683	0.62311226	0.34285125	0.82902014
AGTCAACAGTTGGAAT-1	0.025825536	-0.71437246	-0.05820436	-0.19262148	0.639319	0.017381607	-0.19791344	0.35976872	0.03408898	0.4419622	0.4241711	0.5888162
AGTCCGGAGTATACGA-1	0.6869027	1.8683279	-1.2133343	1.3054295	-1.8476958	0.36950475	-0.054290082	0.14553308	-0.27575862	-1.5907675	0.08129114	-0.9205877
AGTGCCGCACAGATGG-1	0.10343227	-0.6722269	0.016965315	-0.41319183	0.624934	-0.11547859	-0.11776615	0.24084446	-0.108956	0.52782345	0.32649413	0.62050307
AGTGTACCATAGCAGG-1	0.78322244	1.9896723	-1.3171424	1.4033737	-1.9620283	0.3898452	-0.13542567	0.2602355	-0.3916107	-1.6625055	0.10421303	-0.9282438
AGTTACGCATGGTATC-1	0.69747645	1.8671468	-1.2444751	1.344978	-1.9161716	0.385118	-0.07799435	0.3145983	-0.3796934	-1.6649381	0.13691337	-0.91145235
ATAGGCTTCTATACCT-1	0.5322635	1.5207708	-1.0510792	1.0707704	-1.5912019	0.24103399	-0.021792661	0.24156177	-0.33284158	-1.3370261	0.18147698	-0.65362185
ATCCAGAGTCAGCTTA-1	-0.02181269	-0.7423178	-0.041429833	-0.35525414	0.6690184	-0.035947487	-0.17976014	0.32629687	0.006491177	0.560015	0.43361333	0.7145542
ATCCCTGGTATATGGA-1	0.77694726	2.141294	-1.4633818	1.4722693	-1.9439175	0.42324576	-0.0321866	0.10760032	-0.5235725	-2.1088533	0.16647705	-0.9694355
ATCCCTGTCGTGCTTC-1	-0.039299823	-0.85395277	0.0467984	-0.42958567	0.8127069	-0.061962657	-0.18371226	0.37119275	0.04741439	0.6390561	0.4562506	0.74805444
ATCCTCGCAATAGCGG-1	-0.029961621	-0.69549143	0.02606402	-0.32407236	0.6134731	-0.06868427	-0.14619257	0.2853675	-0.011912443	0.45343545	0.3895189	0.6226985
ATCCTGCAGGTTGACG-1	0.01536518	-0.74870175	0.05371403	-0.38114098	0.6629494	-0.023128692	-0.15801248	0.32501435	-0.08085077	0.50855094	0.36653394	0.6346099
ATCCTGCCAGCCACGT-1	-0.058330268	-0.69658244	0.012603287	-0.38407108	0.64302284	-0.06539892	-0.09217186	0.28598192	-0.0019913912	0.5036472	0.3925794	0.59493166
ATCCTGCTCTTCTTCC-1	-0.001361806	-0.8061411	-0.028537527	-0.4215638	0.7199541	-0.040591657	-0.18343261	0.39067608	0.051438067	0.63574046	0.4879951	0.8323615
ATGTACGAGTCCTTCC-1	-0.03264595	-0.8010614	0.024462167	-0.47005174	0.6938124	0.043152712	-0.044218093	0.23320639	0.04689638	0.63113445	0.41341156	0.63552237
ATGTACGTCAATTCCT-1	0.01002601	-0.7609617	0.024440568	-0.37043846	0.66594386	-0.046494104	-0.14730142	0.31802717	-0.04396304	0.50291204	0.437119	0.65535605
ATGTCGAGTACGACCC-1	-0.012558633	-0.7478647	-0.04654128	-0.3256117	0.64247745	-0.0017908104	-0.20034522	0.30255273	-0.016278088	0.54451585	0.42252186	0.72646016
ATGTTTCAGCACCATT-1	0.5823508	1.5338436	-1.0569919	1.055494	-1.6021223	0.24379043	-0.02037302	0.17183936	-0.35130072	-1.2970818	0.07135033	-0.6799078
ATTACCTAGTCGGGAT-1	-0.05620548	-0.7947791	0.08006749	-0.41445443	0.70950085	-0.051457442	-0.12665933	0.2844585	-0.07627685	0.5159843	0.38131237	0.69529396
ATTCGTTCAGTTACAC-1	-0.019461265	-0.76324636	0.04526276	-0.35572025	0.6071372	-0.015653871	-0.17342038	0.27936062	-0.031199919	0.4504712	0.37569293	0.61479247
ATTGTCTAGTGATTAG-1	0.053614326	-0.70149547	-0.11829453	-0.3028738	0.57879525	0.033405155	-0.22149678	0.40252054	-0.015136607	0.55272746	0.47831914	0.73512566
ATTGTCTGTACTTCAG-1	-0.043205947	-0.7023888	0.059788585	-0.36850104	0.5854126	-0.044425473	-0.1130173	0.2681233	-0.04790889	0.43250954	0.3384823	0.6153389
CAAAGCTAGGAAGGTA-1	-0.032096043	-0.76866436	0.018116511	-0.3799318	0.7072793	-0.064069025	-0.1557631	0.29733458	0.042795774	0.5547345	0.42621583	0.70101213
CAACCAAAGTGAGTTA-1	0.71193385	1.8729786	-1.2674608	1.3080056	-1.8719034	0.34365794	-0.083200574	0.310928	-0.42631182	-1.5507723	0.116035625	-0.8719881
CAACCAACATCCCGGA-1	0.37176242	0.63317525	-0.66465795	0.43941662	-0.83306944	0.2197845	-0.10326972	0.2840123	-0.3075601	-0.5326567	0.25643316	-0.13016094
CAACCAATCCGGGCAT-1	0.7445998	1.8862811	-1.2734118	1.3402841	-1.8965517	0.34646988	-0.08010837	0.23314542	-0.35436252	-1.5751795	0.10036565	-0.91825545
CAACGTAAGTGGTGTG-1	-0.04704736	-0.7502166	0.049805567	-0.35611382	0.64457023	-0.028489951	-0.18379506	0.29855028	-0.026939541	0.48394734	0.3829369	0.61667114
CAAGAAAAGGGTAGTC-1	0.6067111	1.8977543	-1.0977155	1.481395	-2.3021233	0.5259115	-0.009598307	0.14551716	-0.29751423	-1.8326313	-0.39816418	-0.85239524
CAAGCTATCCCAATGA-1	-0.12881488	-0.7839615	0.20940042	-0.44391087	0.45199654	-0.05695784	-0.1129804	0.39575964	-0.15379581	0.46704906	0.35628533	0.7543031
CAAGGCCAGTTAGCAA-1	-0.019459361	-0.7419125	0.031388905	-0.36929092	0.6665781	-0.055802815	-0.14612049	0.29581288	-0.018680044	0.5097586	0.39741313	0.6556706
CAAGGCCTCTCTGCAC-1	0.55885625	0.508402	-0.6893633	0.4891388	-0.6405926	0.2667385	-0.34417248	0.46849132	-0.48857355	-0.4239393	0.2834749	0.02836495
CAATCCCAGACAGCTG-1	0.039942138	-0.640971	-0.10365742	-0.28397217	0.5425708	0.013511376	-0.1875896	0.35624775	-0.038099017	0.48113933	0.4159325	0.65414524
CAATCCCGTATTCTGG-1	0.54776883	1.2994708	-0.94163615	0.90082633	-1.3252854	0.22773947	-0.053541616	0.26254657	-0.3107624	-1.0657198	0.1500459	-0.5523218
CACAACAGTGAGGTCA-1	0.7859519	2.1149504	-1.3741506	1.4621539	-2.1422133	0.40657103	-0.062548846	0.23174274	-0.37430945	-1.7898113	0.0810107	-1.041558
CACAACATCCTGTAGA-1	-0.04979162	-0.912465	0.07377187	-0.4611396	0.8290553	-0.062100306	-0.18657075	0.36560044	0.07152194	0.7012172	0.45707083	0.8407595
CACAACATCTTCACTA-1	0.44214785	0.48514497	-0.7411449	0.39544418	-0.62737477	0.31905365	-0.31022882	0.504993	-0.56891006	-0.44102478	0.3275322	0.059303004
CACAGATCACAGTTAC-1	0.57149136	0.6717035	-0.80790055	0.5824302	-0.8029063	0.28971517	-0.30775553	0.50167817	-0.57988703	-0.6236916	0.33613023	-0.034548346
CACCTGTGTCATCAAC-1	0.63685405	1.7856885	-1.1921847	1.2760718	-1.8043693	0.41743162	-0.10986618	0.30521396	-0.3933788	-1.6389595	0.17534733	-0.78293854
CACCTGTTCAGTGTGT-1	0.8406167	1.9615338	-1.3126491	1.5410705	-2.0966458	0.22198437	-0.16949926	0.5044584	-0.24884503	-1.5029936	-0.12010694	-0.7261141
CACGTTCTCTCATATC-1	-0.15499084	-0.60844696	-0.025789514	-0.3212662	0.4785619	-0.13924739	-0.14745638	0.33435106	-0.18661793	0.3770764	0.36714962	0.53231746
CACTAAGGTTTAGAAG-1	-0.03206771	-0.6788781	0.08068546	-0.3105131	0.6914038	-0.13323388	-0.14005566	0.17692572	-0.16570793	0.3423818	0.35605887	0.53537464
CACTGAAAGCGTTGCC-1	-0.18923685	-0.80501604	-0.04713987	-0.2663015	0.690456	-0.21599758	-0.12996966	0.2564885	-0.13377808	0.4569917	0.5200948	0.7214243
CAGCTAAGTCTGATTG-1	0.5686993	1.3442055	-0.98320466	0.96894646	-1.3875252	0.2933603	-0.09386299	0.23223817	-0.30284527	-1.1580057	0.14685847	-0.5647864
CAGCTAAGTGTCCCAG-1	0.7520552	1.9086679	-1.2781141	1.3641071	-1.8909173	0.32193664	-0.07288803	0.28136954	-0.4024754	-1.6439859	0.15265924	-0.9063365
CAGCTGGCAACGTCCG-1	-0.009833297	-0.7674484	0.056704197	-0.35911146	0.6238141	-0.004647484	-0.13270752	0.31640655	-0.027278928	0.52669775	0.35298806	0.66542065
CAGCTGGCAGTAGTTC-1	0.08075881	-0.680556	-0.07517851	-0.3108452	0.5937907	-0.047760315	-0.21117587	0.3631795	-0.098547414	0.49334773	0.43544385	0.6389305
CAGGGCTTCCATTGAG-1	0.72549707	1.7088177	-1.2004658	1.2235433	-1.7328875	0.3387764	-0.14187975	0.29315335	-0.34818238	-1.4602159	0.15589392	-0.74281317
CAGTGCGCAACATAAG-1	-0.030081091	-0.6983422	0.020941734	-0.32240382	0.61645174	-0.04250995	-0.13213673	0.27458155	-0.0482617	0.4446932	0.35750157	0.61664206
CAGTGCGCATCCATAG-1	0.7092217	1.7755407	-1.1769799	1.2563903	-1.8223759	0.3573907	-0.05806237	0.21828736	-0.37193337	-1.5117393	0.08728805	-0.85656756
CAGTGCGTCCACGAGC-1	0.7590084	1.7991462	-1.255818	1.3221463	-1.8255383	0.42133757	-0.1546467	0.31594217	-0.36079112	-1.4793117	0.10352344	-0.77604926
CAGTGTATCACGTCAA-1	0.7193779	1.9162838	-1.2759322	1.3579266	-1.9244795	0.3877722	-0.13670453	0.2877732	-0.41210264	-1.6874961	0.12392485	-0.86687684
CATAACGCAACCTCTC-1	0.6671196	1.876923	-1.2308036	1.3016813	-1.90702	0.3613557	-0.08062432	0.213304	-0.38456094	-1.6040161	0.07377516	-0.89926666
CATAACGCACCTCGTT-1	0.75294864	1.9663391	-1.3200365	1.3839985	-1.9324034	0.3792172	-0.1238561	0.31566328	-0.37256947	-1.598685	0.11289885	-0.8952163
CATAACGTCTATCTCA-1	-0.026876127	-0.74912155	0.059575003	-0.38509426	0.63813716	-0.044965792	-0.1265052	0.32070845	-0.06401641	0.49132532	0.37228984	0.64691263
CATGTTTTCGCAAACT-1	-0.05353953	-0.8127459	0.065254726	-0.39108783	0.7050572	-0.0036365334	-0.13976927	0.28704774	-0.025534512	0.5326611	0.39335495	0.6646032
CATTCATGTGAATGTA-1	0.65170413	1.6751502	-1.1248991	1.1819922	-1.6860404	0.3186685	-0.08385194	0.20839418	-0.37841907	-1.4444082	0.09465473	-0.77389646
CATTGGAGTAACGGCA-1	-0.08489433	-0.8140093	0.04567638	-0.4371042	0.73348075	-0.09984534	-0.09592511	0.2656142	0.027156655	0.56522894	0.4280121	0.69824237
CCAATGAAGATATGTG-1	0.838348	2.1516082	-1.3504809	1.5428327	-2.2204468	0.67473865	-0.20627116	0.29969344	-0.4735411	-1.9620883	-0.10181869	-0.8787911
CCACAGGCAAGGTTCT-1	0.7115861	2.0261118	-1.2993343	1.4270066	-1.9703981	0.36026672	-0.055959508	0.18320249	-0.38927132	-1.7483758	0.06307278	-1.0411549
CCACGTTGTCTCTGCT-1	0.73174673	1.8145952	-1.2170174	1.3136793	-1.8703631	0.34363022	-0.10153787	0.31802988	-0.40919977	-1.5250902	0.08429056	-0.81688964
CCACGTTTCGCGCCAA-1	-0.015688164	-0.8335262	0.060286414	-0.42112002	0.7481199	-0.052403882	-0.1402938	0.29199976	-0.006055683	0.57522696	0.38335726	0.71770537
CCAGAATAGATTCCGT-1	0.05492574	-1.0761791	0.2978481	-0.5321746	0.8612121	0.16644771	-0.18788135	0.49953008	-0.21723497	0.860834	0.3321925	0.90986425
CCAGATAGTTACGCTA-1	0.03758944	-0.80630505	-0.08559171	-0.39254585	0.79287684	-0.11688478	-0.09256012	0.42468348	0.11530262	0.5073248	0.5059318	0.7710914
CCAGATATCTACCCGT-1	0.7363565	1.9219729	-1.2770243	1.3694292	-1.9176471	0.38295206	-0.104820244	0.25716865	-0.3882782	-1.6169655	0.087105714	-0.89891446
CCATACCCACAGCTTA-1	0.65480816	0.86207145	-0.87096983	0.7264896	-0.95303726	0.39446017	-0.3010016	0.49650133	-0.46287984	-0.7807824	0.2985916	-0.19840752
CCCACATTCGTCGCAG-1	-0.032086335	-0.7576549	0.026041228	-0.37872508	0.6788924	-0.056721695	-0.13797176	0.25740096	-0.011926115	0.50990355	0.4025541	0.65302795
CCCTAACAGGTCTTTG-1	-0.035803027	-0.7425242	0.030285113	-0.384805	0.6469495	-0.067993484	-0.10252943	0.27565935	-0.07241994	0.48332262	0.36410305	0.61451644
CCCTAACTCACGATTG-1	-0.02936379	-0.9001394	0.1901442	-0.28695375	0.6964138	0.18314952	-0.19044681	0.18752523	-0.01337887	0.5123438	0.2719543	0.5997651
CCCTCTCAGGAAGGTA-1	0.80208236	1.9722552	-1.3133357	1.402132	-2.0019479	0.38572618	-0.14494446	0.25406134	-0.4610134	-1.6617483	0.047736004	-0.9861793
CCCTCTCGTACGTAAA-1	0.46922776	1.1113476	-0.8605806	0.7703702	-1.0732434	0.21832763	-0.13504924	0.1946633	-0.4033613	-0.9776082	0.021683503	-0.34102458
CCCTGATCATTCTTTG-1	-0.0058790427	-0.7424034	-0.022549368	-0.373134	0.659575	-0.028093064	-0.18429838	0.34650892	-0.002574157	0.54031026	0.43714076	0.70721066
CCGCATTAGTTCGTTG-1	-0.032126874	-0.76389414	0.016605373	-0.38395327	0.67901945	-0.054621436	-0.14384747	0.30163252	0.0028853454	0.5355302	0.40740246	0.67689323
CCGCATTGTGCACTTA-1	-0.044909723	-0.69577765	0.03549688	-0.33816913	0.5999182	-0.07050457	-0.10177496	0.23567252	-0.06490802	0.44538614	0.32951543	0.60724956
CCGTAGGAGTCAGCCC-1	0.7297822	1.8050462	-1.2391586	1.3197099	-1.8423296	0.36359185	-0.10156123	0.27340215	-0.4120657	-1.5870004	0.11848917	-0.80478066
CCGTGAGAGGGTCTGA-1	-0.0962872	-0.87226295	0.06629308	-0.4474645	0.7713391	-0.099459395	-0.11341869	0.33510748	0.04974485	0.6236505	0.4304401	0.7533554
CCTATTACACTTACAG-1	0.5637199	0.62277967	-0.7689145	0.5507881	-0.77672786	0.26391843	-0.29041934	0.45831305	-0.4995116	-0.5726838	0.33638543	-0.09099001
CCTCCCTCAAACTACC-1	-0.025215989	-0.7836798	0.048835684	-0.40575907	0.6888493	-0.06077251	-0.15586574	0.2670288	-0.053960744	0.5656669	0.38294902	0.6511259
CCTCCCTCAATGGTCT-1	0.69933236	1.7950835	-1.1904972	1.2753328	-1.8119757	0.3401608	-0.10675231	0.21990585	-0.3338644	-1.5136291	0.06305687	-0.8253199
CCTCCCTCAGGCAGAT-1	0.75252193	1.9307233	-1.2811135	1.3301163	-1.9610021	0.33009928	-0.07971176	0.23511487	-0.48720077	-1.6284106	0.085581556	-0.89410454
CCTGGGATCTCGACAA-1	-0.047044545	-0.7343117	0.04638961	-0.38253158	0.6386788	-0.054883994	-0.13545221	0.32853556	-0.055432238	0.48108697	0.38581094	0.6419363
CCTTGCATCTGGCACG-1	0.7150891	1.8233135	-0.9572944	1.1830015	-2.0143769	0.39677367	-0.2504744	0.2949584	-0.30241752	-1.4082178	-0.17742482	-0.79762876
CCTTGGTTCTCTTCCT-1	0.7256426	1.7526783	-1.225722	1.23376	-1.7370439	0.32229224	-0.104512416	0.27502385	-0.39222565	-1.4509035	0.121186696	-0.81783354
CGAGTTAGTATCGCGC-1	0.6630089	1.6323887	-1.1132579	1.1739144	-1.6740433	0.36356634	-0.09560327	0.30739364	-0.26111332	-1.361763	0.12672885	-0.71740144
CGAGTTATCAAGTTGC-1	-0.13662003	-0.8404699	-0.0604982	-0.4680293	0.70710987	-0.24797325	-0.08350951	0.30205256	0.085479796	0.45253083	0.583715	0.5734042
CGATGATCAGTCAGCC-1	0.80162394	1.9647623	-1.2910491	1.4121273	-1.9631897	0.38702846	-0.11943245	0.29206342	-0.4265055	-1.6887889	0.081011504	-0.93660766
CGCAGGTGTGGAAAGA-1	0.7651882	1.8671218	-1.2877553	1.3384316	-1.8552182	0.4045631	-0.14584629	0.31999913	-0.34622994	-1.5784458	0.14852294	-0.89903206
CGCGCAAGTTGGTAAA-1	0.034636285	-0.5291273	-0.08565541	-0.1989337	0.4795151	-0.043542482	-0.13545787	0.24272425	0.03712376	0.36618978	0.37395117	0.49041057
CGCTAGGAGCAATAAC-1	-0.022678612	-0.7043106	0.16857633	-0.40005726	0.62102205	-0.04494078	-0.18184763	0.27935034	-0.182555	0.25589168	0.23227444	0.460165
CGCTAGGGTTCTGAGT-1	-0.033117585	-0.70479196	0.04422785	-0.3727942	0.5948402	-0.02464166	-0.122911245	0.28955716	-0.06912547	0.45349103	0.33461285	0.61609674
CGCTATCAGTAGTTCC-1	0.76944995	1.8547662	-1.2565384	1.3127817	-1.8351355	0.35361856	-0.0887677	0.27380532	-0.34416017	-1.5122302	0.09794011	-0.8023226
CGCTATCAGTGATAAC-1	0.76183707	1.9964298	-1.3034225	1.410181	-2.0223618	0.39760965	-0.10043944	0.2827751	-0.40094826	-1.7137611	0.1365231	-0.9062042
CGGACCAAGGAAGGTA-1	0.82560676	2.0321674	-1.3317007	1.485569	-2.0286126	0.3940389	-0.15553468	0.30387938	-0.3915075	-1.6860932	0.08134118	-0.98832804
CGGACCACACAAGTGG-1	0.78945833	2.1608012	-1.39148	1.5439793	-2.1271307	0.40315688	-0.124286756	0.2602043	-0.45887268	-1.8663768	0.04283621	-1.0159893
CGGACTGCACAAGGGT-1	-0.02121337	-0.6319043	-0.05361195	-0.58237016	0.50441486	0.16657716	-0.22850406	0.41813868	0.1425917	0.39224648	0.5704588	0.63396674
CGGACTGGTATATGGA-1	0.7886911	1.7195218	-1.1827828	1.4308964	-1.6229619	0.5086543	-0.2887029	0.2957136	-0.56729895	-1.3614634	-0.20241001	-0.7243738
CGGACTGTCGCAAACT-1	-0.2423023	-0.65385944	-0.14064476	-0.3697135	0.58275294	-0.13384384	-0.1682875	0.23333944	-0.15049264	0.5321182	0.47988212	0.83624214
CGTAAACCATCCCAAA-1	0.76338685	1.9006037	-1.2979937	1.3558332	-1.8872894	0.32791576	-0.121977456	0.29708126	-0.31114548	-1.571938	0.14547595	-0.783639
CGTAAACTCACTAGCA-1	0.058074974	-0.67384094	-0.12600058	-0.26342735	0.54862607	-0.016010486	-0.23110306	0.3822543	-0.039034028	0.5264574	0.42693028	0.6983181
CGTACAAAGCAGAAAG-1	0.6674053	0.70925105	-0.8536335	0.6073653	-0.8795388	0.3183266	-0.34506035	0.5157919	-0.5534544	-0.57228	0.3063632	-0.07431257
CGTACAAGTCAAACAA-1	-0.014529826	-0.6597815	0.018441487	-0.31991836	0.5579074	-0.025629655	-0.1411415	0.2961374	-0.06218962	0.41862157	0.3466362	0.5924927
CGTACAATCACGGGTC-1	0.64373606	1.6647592	-1.1073679	1.1586648	-1.6972321	0.3367464	-0.036166087	0.195016	-0.26503095	-1.3653713	0.08913858	-0.75952786
CGTTCCAAGAGGCAGG-1	0.55315393	0.6447439	-0.77975994	0.5963447	-0.7700836	0.27597904	-0.3057645	0.48900387	-0.5553689	-0.68106043	0.29447997	-0.06813508
CTAACTTAGAAATGGG-1	-0.028802013	-0.73506284	0.033266928	-0.35435125	0.6539773	-0.011933115	-0.1626068	0.27703914	-0.07577061	0.45289254	0.35393342	0.656178
CTAACTTCATTCGTCC-1	-0.20624806	-0.8555833	0.03159844	-0.4367244	0.6894645	-0.05434466	-0.17586935	0.12975083	0.13694243	0.41214117	0.45277542	0.5662115
CTAACTTGTGGTAGAC-1	0.55099887	0.63069177	-0.7458328	0.5621234	-0.763475	0.24106066	-0.25612438	0.4911899	-0.548984	-0.6190217	0.30616105	-0.03818207
CTAACTTTCTGGCTAA-1	0.7733587	2.0046866	-1.3432496	1.4228381	-2.0197444	0.36167717	-0.079492025	0.15139225	-0.40193346	-1.6161937	0.0033125747	-0.9518637
CTACAGAAGCGTTGCC-1	-0.027822094	-0.84845465	0.035083964	-0.45070645	0.77385706	-0.100725435	-0.175968	0.38649035	0.009277377	0.6254592	0.45261613	0.7859816
CTACTTAAGACGTCAG-1	-0.028348153	-0.86289066	0.0053082034	-0.41153142	0.7831109	-0.06905489	-0.18416022	0.3314236	0.042162377	0.6684005	0.47729197	0.77260965
CTACTTATCGCAAACT-1	-0.014440959	-0.6878482	-0.00054904073	-0.3359673	0.5969469	-0.037842795	-0.14241855	0.3136613	-0.019501887	0.45534083	0.38763067	0.6340073
CTAGCGGCAGGTAGGT-1	0.790265	1.97836	-1.352166	1.4099067	-1.9648924	0.3874541	-0.1271062	0.24792092	-0.4058742	-1.6711022	0.12081983	-0.8980594
CTAGCGGGTGACCAGA-1	0.56808496	0.7300987	-0.8320712	0.5943242	-0.85311836	0.27296403	-0.2727251	0.5179352	-0.51417553	-0.6178083	0.36150703	-0.10205217
CTAGGATAGGCCAGTA-1	-0.0128194	-0.6349625	-0.021592386	-0.27452087	0.54830176	-0.033935342	-0.111973554	0.23892875	-0.065449566	0.33933267	0.3899489	0.5211252
CTAGGATGTAGCGAGT-1	0.79014146	2.0790224	-1.3942163	1.4878016	-1.8596336	0.16722146	-0.041456625	0.15014404	-0.2634566	-1.7591817	0.14668843	-0.9420381
CTCAACCTCGTTCCGT-1	0.8150029	1.8669821	-1.3762351	1.3844414	-1.8560817	0.4103788	-0.25581253	0.14000043	-0.26350573	-1.4458457	0.28848433	-0.91172516
CTCACCAGTATTGTGC-1	0.82857484	1.9848922	-1.3849217	1.4366965	-2.0398855	0.41672027	-0.111872494	0.29619846	-0.31262043	-1.5995647	0.10196126	-0.9233881
CTCACCAGTCAGAAGC-1	0.2652958	1.5382993	-0.8663008	0.80451447	-1.6953704	0.22738971	0.1473555	0.3903354	-0.10988569	-1.3033434	0.19481656	-0.5189125
CTCAGAACACAGGTAG-1	0.012510104	-0.73524654	-0.051754154	-0.34034747	0.6372944	-0.012593805	-0.20651273	0.36962306	-0.0025129206	0.5362915	0.4579579	0.73062027
CTCAGCTGTAGCGGTA-1	0.60119647	0.7164897	-0.85525817	0.62612945	-0.8789065	0.3198538	-0.324544	0.55336547	-0.549699	-0.6639792	0.318301	-0.067064196
CTCAGCTTCGTGAGTT-1	-0.10736813	-0.68628126	-0.1504283	-0.34074485	0.7420021	-0.10643087	-0.18052796	0.37637737	0.17472236	0.4054502	0.52561533	0.82198685
CTCCCAACAAGCAGGT-1	0.3774777	1.7260447	-1.313659	1.2987235	-1.7370017	0.016818507	-0.02724966	0.53436226	-0.1603772	-1.656404	0.25571865	-0.5677443
CTCCCAAGTCTAAAGA-1	0.83934116	1.9902599	-1.371397	1.3919259	-1.9618993	0.35896882	-0.11593375	0.28044307	-0.37129393	-1.6287642	0.17458725	-0.92430025
CTCGCTAAGCCTTTGA-1	0.011655143	-0.5102308	0.04451441	-0.21732269	0.42809084	-0.21592124	-0.062890835	0.44152036	-0.044801112	0.30163068	0.42552894	0.49147043
CTCTACGAGGCAAGGG-1	-0.04697203	-0.6699852	0.03150626	-0.3167021	0.61281574	-0.033794183	-0.12849286	0.27052474	-0.052411072	0.43259805	0.355035	0.58952343
CTCTCAGAGATAGGTT-1	0.7094647	1.7167122	-1.2159013	1.239337	-1.7554209	0.35922372	-0.08288308	0.23514087	-0.32415712	-1.4561397	0.15364072	-0.80249256
CTCTCAGAGCGTATCT-1	0.7176446	1.9658821	-1.2889426	1.332527	-1.9794344	0.37178198	-0.06898334	0.28514344	-0.3528417	-1.6370733	0.076854	-0.85009587
CTGAATGCAAGCAGGT-1	-0.07598076	-0.83774674	0.055156898	-0.41396382	0.79238534	-0.06259835	-0.19853133	0.30845463	-0.002957493	0.5924954	0.43238005	0.72626936
CTGCGTTTCAAGGCCC-1	0.046780393	-0.7401693	-0.06866052	-0.34941533	0.64741504	-0.015278622	-0.22694011	0.4136181	0.021997724	0.5812831	0.49077067	0.75121945
CTGCGTTTCTCGCGTT-1	0.6207244	0.75433105	-0.8519105	0.6495325	-0.8736678	0.2786196	-0.31083155	0.5399871	-0.55167854	-0.68285334	0.3176142	-0.0453874
CTGCTCACAGTAACCT-1	0.74868596	2.0074914	-1.3399031	1.4322048	-1.9868431	0.38367376	-0.119808845	0.275402	-0.39843726	-1.711684	0.13365833	-0.9306432
CTGCTCAGTACGGATG-1	0.5786215	0.53806615	-0.8622202	0.41745982	-0.6973382	0.119783215	-0.26002002	0.47311372	-0.4812041	-0.4059548	0.44550028	-0.074224666
CTGGCAGGTAATGTAG-1	0.5651932	1.4502972	-1.0221653	1.0146742	-1.4338712	0.25788614	-0.053687714	0.18251562	-0.2724148	-1.2560213	0.17311344	-0.68926996
CTGGCAGTCTGATCCC-1	0.51654327	1.2887214	-0.93902236	0.92795473	-1.3602419	0.25060847	-0.042526495	0.23281828	-0.30956182	-1.1171615	0.11572469	-0.49478188
CTGGGACCAGAACAGC-1	0.59714806	1.4897773	-0.99187523	1.0044523	-1.5521398	0.27818978	-0.071252495	0.23028283	-0.37250075	-1.3148358	0.06481084	-0.6288188
CTGGGACGTCCGGTAC-1	0.75680053	1.8659436	-1.2529752	1.2994027	-1.8410574	0.37610987	-0.118223146	0.22379644	-0.34844458	-1.5101185	0.117631994	-0.88565147
CTGTTCGCAGTAACCT-1	0.023714887	-0.6641874	-0.10163892	-0.31052023	0.563587	-0.03808833	-0.16798958	0.319817	-0.008564677	0.48417965	0.42591834	0.6582124
CTGTTCGCATACAACC-1	0.6197389	0.73242015	-0.8381972	0.6557231	-0.9257248	0.32593626	-0.31778038	0.509062	-0.5883554	-0.68266636	0.28779534	-0.12178156
CTTAATCGTCGGCTGT-1	0.81039983	1.7305363	-1.2387353	1.2790095	-1.7706811	0.39743635	-0.2081679	0.3968458	-0.46725368	-1.4481742	0.1653158	-0.74666584
CTTAATCTCTTGTGCC-1	-0.0043080114	-0.73764837	0.04089939	-0.37136477	0.6408961	-0.06740293	-0.13819507	0.26889023	-0.06319354	0.51906776	0.35545474	0.61251533
CTTCTAATCCAAACCA-1	0.7787603	2.0336661	-1.361612	1.4367367	-2.0705798	0.45984638	-0.088646114	0.25417888	-0.32278433	-1.7114698	0.06942241	-1.0430095
CTTCTAATCTACCCGT-1	-0.026867507	-0.7611278	0.08559862	-0.39745507	0.68316424	-0.059058107	-0.15996732	0.26723686	0.01986244	0.5362947	0.4010467	0.6119753
CTTGTCGGTGCATCAT-1	0.7913151	1.6016002	-1.2236621	1.1346861	-1.8183963	0.072200924	-0.07819313	0.13509305	-0.4153326	-1.2397218	0.14568123	-0.73898935
CTTTGCGCACTGATAC-1	-0.03744843	-0.66067976	0.05282125	-0.33333975	0.55665535	-0.03437504	-0.093089394	0.30601147	-0.086946994	0.38924333	0.33505914	0.5971055
CTTTGCGGTATTGTCG-1	0.6118913	1.4484646	-1.0440824	1.0161389	-1.5251468	0.2464555	-0.06166635	0.24178891	-0.34219274	-1.2601013	0.12879778	-0.6542091
GAACCTAAGGAAGACA-1	0.8708419	2.2333922	-1.4587319	1.5827652	-2.2041411	0.44542518	-0.13812852	0.30333644	-0.43807042	-1.9091628	0.10690257	-1.0776181
GAACCTAGTGGGTAGT-1	0.45454928	0.5244519	-0.7206186	0.4989569	-0.6488078	0.2820497	-0.2810254	0.4546186	-0.49172822	-0.5218549	0.3458924	-0.018571194
GAACGTTAGTCGCGTC-1	-0.053672045	-0.85630804	0.05123593	-0.37930965	0.74394447	-0.06474173	-0.20355874	0.33837992	-0.0081083365	0.6442715	0.36590347	0.82876563
GAAGAGCGTGACAAGC-1	-0.02386952	-0.6319915	-0.00030028075	-0.29131508	0.52812487	-0.046405658	-0.09648277	0.24439661	-0.07974273	0.3748453	0.33047518	0.5581587
GAAGAGCTCCTAGAGT-1	-0.0247558	-0.81216764	-0.0093057975	-0.3720905	0.71505713	-0.015586218	-0.18467742	0.3391267	0.020296115	0.56745374	0.4903438	0.73565495
GAAGAGCTCGTGGAAG-1	-0.019899989	-0.667762	0.0063900277	-0.32598472	0.5802418	-0.029817387	-0.12795523	0.29024094	-0.057821847	0.41716394	0.3648056	0.5908483
GAAGTCTTCTACTTTG-1	0.0021415	-0.89218813	0.069869824	-0.51196605	0.880502	-0.16814402	-0.14377257	0.22802901	0.17062989	0.7908111	0.3572359	0.9496558
GAAGTGGCACAAACGG-1	0.008862351	-0.927356	0.07692779	-0.3855632	0.71853334	-0.043639675	-0.21838321	0.21776956	0.037050534	0.49242592	0.3324162	0.72056127
GAAGTGGGTAGAGAGA-1	-0.04792016	-0.6929114	0.03321695	-0.32029396	0.61265844	-0.042069204	-0.08430832	0.24623159	-0.058846794	0.44706535	0.3400067	0.5592511
GAATCTGTCACTGGTA-1	0.0019460153	-0.62447697	0.029888138	-0.28506887	0.54120636	-0.023833035	-0.14484146	0.26797333	-0.10793343	0.3618242	0.33120358	0.49208954
GACCAATAGCGAATAT-1	0.8125514	2.3237085	-1.5039155	1.6660922	-2.3044136	0.48077047	-0.14611237	0.29029205	-0.46305904	-2.0023875	0.055021115	-1.0962
GACCGACAGCAGAGCT-1	-0.008750029	-0.64987284	0.0025191084	-0.30810216	0.5586926	-0.031246716	-0.13334966	0.29972938	-0.048748363	0.41056216	0.3633061	0.59027845
GACCTTCTCCAATCCC-1	0.6337508	1.6411742	-1.1424805	1.1448263	-1.680387	0.3273813	-0.07928488	0.23576286	-0.36510786	-1.396659	0.1318458	-0.6990222
GACTAACAGCACGTAG-1	0.7003023	1.8111773	-1.2001144	1.296374	-1.8321363	0.33198282	-0.077375345	0.28318644	-0.37710983	-1.5235369	0.05906038	-0.78493375
GACTAGTAGATTCCGT-1	-0.021078052	-0.76388663	-0.03204681	-0.38809603	0.7163243	-0.014322871	-0.19602601	0.32586733	0.060829777	0.6146985	0.47879022	0.7501689
GACTAGTGTGAATCAA-1	0.55344653	0.6183486	-0.7332295	0.51571155	-0.7253646	0.21889088	-0.2854138	0.46620893	-0.50924754	-0.4728703	0.30652782	-0.018006053
GAGAACGCACAATAAG-1	0.7226969	1.7148434	-1.1715877	1.1629531	-1.7103913	0.24381839	-0.007861859	0.10836867	-0.3452405	-1.5915143	0.025158642	-0.7525851
GAGAACGCAGGCATTT-1	0.0064475797	-0.8068013	0.017042182	-0.3941155	0.72725105	-0.054013357	-0.22406654	0.35379857	0.034601245	0.5986142	0.46337372	0.818395
GAGAACGGTTGTGAGG-1	-0.18105833	-0.5720458	0.02624616	-0.3512626	0.49989012	-0.03685605	-0.08220096	0.31112438	0.07455942	0.3840379	0.27965286	0.64847153
GAGACTTGTAGACGCA-1	0.015949335	-0.74895674	-0.04902093	-0.3630876	0.6763399	-0.021590538	-0.19878294	0.37362853	0.028255526	0.58735436	0.4575086	0.7089504
GAGACTTGTGTCGGTC-1	0.065314636	-0.6247501	-0.04291819	-0.26996067	0.47613606	0.033546366	-0.1947882	0.39140671	-0.038890254	0.4788696	0.33826995	0.59022194
GAGATTCAGGCAATTA-1	0.7263255	1.836762	-1.2399724	1.2708926	-1.8737042	0.3584445	-0.052172944	0.23431747	-0.44664332	-1.5721315	0.0902774	-0.817429
GAGATTCCAATCAGGG-1	0.17951667	-0.5432873	-0.1414563	-0.35197362	0.44576478	-0.109431125	-0.20193787	0.26341003	-0.20601526	0.37407765	0.41734624	0.60689276
GAGATTCGTATGGGTG-1	0.5872243	1.5807695	-1.0315872	1.067652	-1.5632054	0.23770384	-0.028012615	0.207699	-0.3540861	-1.3253069	0.07298446	-0.6399916
GAGCATTTCTTAAGCG-1	0.84539217	1.7666321	-1.2235342	1.2236427	-1.7666247	0.49660993	-0.07925312	0.17812791	-0.27118197	-1.1960684	-0.04556234	-0.900647
GAGCGCTCATCTGCAA-1	-0.015107712	-0.65394753	-0.019063793	-0.33280143	0.5635513	-0.08556265	-0.096049145	0.26200196	-0.04892247	0.4263924	0.35913086	0.501557
GAGGTCCAGCAGGAGG-1	0.51171106	0.5310965	-0.7156174	0.4941905	-0.64668155	0.23244952	-0.27827525	0.47884452	-0.46609363	-0.500937	0.31285462	0.008364327
GAGGTCCGTTCAGAAA-1	0.7032841	1.6711987	-1.1815978	1.2060391	-1.6895236	0.34696692	-0.13581063	0.31586233	-0.37140033	-1.4114566	0.13634676	-0.7026793
GAGTGAGCATGTATCG-1	0.01552766	-0.63311094	0.0025276765	-0.39736515	0.55588174	-0.10510893	-0.028818404	0.33964476	-0.15867196	0.42312935	0.38669768	0.61631024
GATCATGCACACATGT-1	0.5118265	0.5479247	-0.76554865	0.54571444	-0.67873794	0.26674196	-0.26269746	0.45706996	-0.46525702	-0.5442587	0.3298828	-0.028084975
GATCATGCAGGTAGGT-1	0.055858776	-0.7323476	0.019880354	-0.3990821	0.61902624	-0.060398087	-0.07038009	0.2130444	-0.13102102	0.5301367	0.3374198	0.5953088
GATCGTAAGAGCGAAA-1	0.658184	1.7036719	-1.162485	1.1988395	-1.736546	0.35293064	-0.071355954	0.23929326	-0.35575902	-1.4519594	0.08807172	-0.8051148
GATTAGCAGGGAGTTC-1	0.67203444	1.6206352	-1.1514618	1.1835952	-1.6558175	0.35789815	-0.121316135	0.18514107	-0.33342537	-1.3927748	0.099151805	-0.7865022
GATTAGCGTGCTGAAG-1	0.47079378	1.1056206	-0.77612114	0.6934659	-1.0491697	0.21856293	-0.05192121	0.1782724	-0.43246529	-0.89917356	0.09655035	-0.380212
GATTGACCACGCGCAT-1	0.49045834	1.4988589	-1.0372043	0.9408606	-1.4657335	0.19902793	-0.06119053	0.1518236	-0.50487447	-1.2230618	0.11187457	-0.6694136
GCACGCAAGCGAATAT-1	-0.0754652	-0.86044866	0.045152474	-0.4633092	0.7771637	-0.08268593	-0.16524287	0.3588429	0.0433464	0.6163455	0.4761126	0.8150651
GCACGCACAGGTGGTA-1	-0.00042455643	-0.6614448	0.0069277585	-0.31806707	0.5641419	-0.023254763	-0.1412261	0.2991255	-0.052283276	0.42375162	0.36590868	0.5892516
GCACGGTGTAACATAG-1	0.6701436	1.7274641	-1.1015266	1.1741754	-1.9479803	0.46124414	-0.018976241	0.31792805	-0.5154293	-1.4687829	-0.06648056	-0.727198
GCAGCCAGTTGTGAGG-1	0.28020412	0.64519817	-0.6321058	0.511551	-0.56034744	0.101494335	-0.25140798	0.3680391	-0.514613	-0.70059365	0.3001259	0.27276373
GCAGCTGGTATCTAGC-1	0.0600172	-0.8159405	-0.0069800243	-0.3542558	0.66075766	0.072719544	-0.27503687	0.3795998	-0.033029675	0.6095566	0.42106065	0.77636224
GCATGATAGTTCAAGA-1	0.77969235	1.78632	-1.129605	1.2383347	-1.6538256	0.39442545	-0.16395493	0.048476547	-0.21235724	-1.328659	0.09542082	-0.961268
GCATGATCAATGACTC-1	-0.07593008	-0.81067455	0.04967659	-0.3899877	0.71165586	0.019358462	-0.101179145	0.27099985	-0.043043528	0.39798045	0.36475217	0.66675884
GCATTCCGTATTGTGC-1	0.653682	1.1325173	-1.0401592	0.829309	-1.0719548	0.07836666	-0.08600738	0.44587353	-0.035417292	-0.6950227	0.1855098	-0.31353828
GCCAGACGTAACATAG-1	-0.02558775	-0.6967169	0.06842101	-0.34894732	0.5776914	-0.020121925	-0.13704744	0.26860768	-0.046508037	0.4444061	0.32628402	0.5972466
GCCCAGAAGGATGCCA-1	-0.053407803	-0.84312266	0.048033692	-0.42111608	0.74787325	-0.07296852	-0.171703	0.32854483	-0.011786468	0.5826887	0.43332636	0.7602188
GCCCAGAGTGGCGCTT-1	-0.035049357	-0.7988923	-0.015588731	-0.40119833	0.70038277	-0.047606155	-0.16576041	0.32470092	-0.01154317	0.5655997	0.46729055	0.7622173
GCGAGAACAACGTAGG-1	-0.054464363	-0.7510205	0.01932383	-0.37115547	0.6924876	-0.085020155	-0.11282743	0.27138117	0.025919382	0.5209086	0.41497767	0.6246387
GCGAGAAGTCCACCAG-1	-0.0071288347	-0.77526903	-0.0020653605	-0.3842136	0.7227101	-0.05999708	-0.17652607	0.29968718	0.004692685	0.5696014	0.43081746	0.6965842
GCGATCGAGTATCTGC-1	0.5867607	1.346006	-1.1009037	1.0153451	-1.3103583	0.33038524	-0.10397185	0.055254105	-0.15708567	-1.0685154	0.19675186	-0.6575686
GCGCATGCACAGTTAC-1	0.81544495	2.0403214	-1.375137	1.4631121	-2.0239797	0.40788633	-0.15471731	0.28480792	-0.40152362	-1.7237083	0.11518155	-0.94094807
GCGGGTTAGAACCCGA-1	0.79124683	2.0787995	-1.3488609	1.434001	-2.054392	0.3999015	-0.08382646	0.25014174	-0.33122376	-1.7375548	0.08732037	-0.9699041
GCGGGTTAGAACGTCG-1	0.8019345	2.1107163	-1.3526675	1.3207633	-1.9290435	0.497679	-0.010326986	0.4731126	-0.63545835	-1.999084	0.10247729	-0.9873225
GCGGGTTAGCTACGCC-1	-0.054534577	-0.837935	0.034625985	-0.44339773	0.7531707	-0.071321584	-0.197675	0.3703988	0.054946396	0.6449262	0.45544767	0.7466829
GCGGGTTCATCCCGGA-1	-0.054454952	-0.7869502	0.088196166	-0.36122134	0.6762158	-0.03785585	-0.1497536	0.28401843	-0.007866349	0.5319314	0.33631536	0.65557075
GCGGGTTCATTATGGC-1	0.7672091	1.9126551	-1.3178066	1.3714645	-1.9030875	0.40636858	-0.10993155	0.25682002	-0.3629721	-1.615448	0.15243605	-0.90148157
GCGGTGTTCTGCGTCT-1	0.71978533	1.7337667	-1.2019165	1.2601224	-1.7858936	0.36400828	-0.091626	0.27217475	-0.3625361	-1.4761434	0.10786681	-0.80275065
GCGTTGGTCTAGTCGA-1	0.38378125	1.6487792	-1.0934635	1.2716681	-1.8649722	0.4494534	-0.058250982	0.106452234	-0.6148151	-1.5444295	0.052157946	-0.5481401
GCTCAGGCACCTGAAT-1	0.7528165	1.7126203	-1.3839636	1.473736	-2.1077294	0.5511827	-0.2513799	0.025148004	-0.27561432	-1.8596424	0.1289461	-0.9145689
GCTCAGGGTTTCGACA-1	0.52646697	1.3144803	-0.9358651	0.9474419	-1.3711569	0.3040673	-0.057360183	0.23390618	-0.28314	-1.1051973	0.0872594	-0.5982069
GCTCAGGTCACGGGTC-1	-0.11559886	-0.78512794	0.0108517185	-0.29594553	0.7507931	-0.034702357	-0.12786622	0.31208503	-0.024421712	0.6459752	0.42331788	0.7931179
GCTCCTAGTAACAATG-1	0.5346084	0.6141422	-0.75789124	0.52538496	-0.7338662	0.2855968	-0.2616096	0.48875523	-0.49724737	-0.5941574	0.316946	-0.039595474
GCTCCTAGTTATCGAC-1	0.7868923	2.0842905	-1.3493474	1.4319347	-2.0090344	0.29124188	-0.1229096	0.40386724	-0.24893357	-1.7265462	0.15830803	-1.0489476
GCTCGAGCAGACTAAA-1	-0.101336904	-0.73096746	-0.0711688	-0.45690718	0.7981833	-0.21762262	-0.06789233	0.3089416	-0.07651807	0.59698707	0.4520475	0.6852315
GCTGAGCTCCAACAAC-1	0.7534254	0.84493095	-0.8737232	0.69747585	-0.6988913	0.07640542	-0.37454712	0.3299109	-0.4664679	-0.49780405	0.23263744	-0.25542468
GCTTAAGTCCGTGCAG-1	0.5608204	1.5054499	-1.0868164	1.0250685	-1.7767067	0.29881448	0.05844461	0.06799186	-0.27935576	-1.4393404	0.14057055	-0.81172717
GCTTAAGTCTTCACTA-1	0.7568653	2.0518289	-1.285808	1.4074949	-2.036779	0.35068968	-0.0745713	0.3137111	-0.44766533	-1.7209129	0.024339609	-0.92990994
GCTTGCTTCGGATGTT-1	0.047743253	-0.7473671	-0.042435348	-0.38452455	0.6614695	-0.006535055	-0.18625075	0.3212322	-0.0019258931	0.5586656	0.4347704	0.6517865
GGAACCCAGATATGAC-1	0.658318	1.6747432	-1.1285211	1.2170036	-1.6950558	0.31361845	-0.053321943	0.24312961	-0.35535574	-1.4207212	0.05404935	-0.73201454
GGAATCTGTTCTCGAA-1	0.7891248	1.8761165	-1.2934546	1.3246214	-1.8444203	0.38105553	-0.15154763	0.29693058	-0.37080142	-1.5656104	0.16397521	-0.8716751
GGACACCCACTCGTGG-1	-0.017573422	-0.6165076	-0.019417442	-0.28306755	0.52313817	-0.032310314	-0.11670115	0.2967793	0.0050091706	0.42276585	0.36069235	0.6040368
GGACACCCATTCACGA-1	0.7528567	2.015993	-1.3165059	1.3988335	-1.9358201	0.33153054	-0.11503357	0.19291706	-0.3880853	-1.6955216	0.073735535	-1.0218441
GGAGAACTCTTCCAGC-1	-0.03914433	-0.7403914	0.004752286	-0.35977533	0.69384015	-0.07878518	-0.1369094	0.32028902	0.017303359	0.5180048	0.4287003	0.66589165
GGAGGATAGAGCTACG-1	-0.03602042	-0.7382256	0.03237488	-0.36415356	0.6438017	-0.02126875	-0.14667857	0.33615217	-0.0054804236	0.49782187	0.42136452	0.6506777
GGAGTAGGTAACTCCA-1	0.7265747	1.9437002	-1.2977588	1.3123443	-1.9294757	0.3520978	-0.09206408	0.20288783	-0.3492843	-1.6153927	0.096778676	-0.91944075
GGATGAGTCGCACAAT-1	-0.050324492	-0.7406079	-0.00095805526	-0.3874192	0.6645791	-0.093009055	-0.14899917	0.28965482	0.0032669567	0.50749046	0.41529804	0.66808516
GGCATTACAATTCTCT-1	-0.05535268	-0.7281565	0.07180305	-0.41055378	0.66534495	-0.038498785	-0.11150208	0.28116608	-0.060136076	0.46932706	0.36281985	0.60578823
GGCATTAGTGTACGCC-1	0.020679664	-0.6357562	-0.038160205	-0.242417	0.54083556	-0.07634063	-0.05750447	0.26696312	-0.10311228	0.48402488	0.36827436	0.6271633
GGCGAAAAGGCGTCCT-1	0.8185497	1.6408916	-1.3974221	1.4905088	-1.6210035	0.15714546	-0.21580222	0.32698295	-0.6788092	-1.5199556	0.21143275	-0.80168486
GGCGAAACAAGGGTAC-1	-0.03340237	-0.6868582	-0.1621536	-0.4164728	0.69906217	-0.11316107	-0.07293289	0.29055694	0.020832721	0.57574725	0.5439409	0.6124532
GGCGTTGGTATTCTTC-1	-0.014656721	-0.8756317	0.12367776	-0.41165197	0.7158731	-0.052143596	-0.14921322	0.35217404	-0.028528512	0.58486974	0.3669944	0.72895485
GGGCCATAGAATGCTA-1	-0.034843184	-0.67327464	0.026541822	-0.3393242	0.6233603	-0.063484475	-0.1063614	0.2731267	-0.014356524	0.43906286	0.36587536	0.6190888
GGGCCATTCCTTTGCG-1	0.6067151	1.6226629	-1.11553	1.1686827	-1.6355903	0.33777136	-0.054141775	0.19712773	-0.28206146	-1.4100492	0.08249801	-0.7933662
GGGTGTCCAATTCTCT-1	-0.0070946943	-0.87531644	-0.001870431	-0.44986948	0.7670911	-0.03660451	-0.21249169	0.39380717	0.05096593	0.68766314	0.48730817	0.8483234
GGGTTATAGTTCTCCC-1	0.8537926	2.1355696	-1.4230618	1.5228918	-2.1272626	0.47457257	-0.18367808	0.30280852	-0.31566676	-1.7572052	0.11521873	-1.0114417
GGGTTATCACTAGCCG-1	-0.035394117	-0.741019	0.026821207	-0.36136112	0.6434312	-0.033083882	-0.12886411	0.28230256	-0.025465632	0.51945674	0.36799133	0.63304746
GGGTTATTCACCCTTG-1	-0.0007398203	-0.63875157	0.017711662	-0.30734608	0.56393296	-0.020338029	-0.11578465	0.25742614	-0.051293485	0.39493957	0.33125818	0.5433145
GGTACCGGTAAAGGCC-1	0.01850357	-0.7920235	-0.024779625	-0.37342587	0.71586174	-0.07459797	-0.19792233	0.3900885	0.021616567	0.5911238	0.47351846	0.75979304
GGTACCGTCAAACCCA-1	0.6822582	1.735581	-1.1591736	1.2471049	-1.7844843	0.35745972	-0.07990895	0.19104156	-0.33793584	-1.4792278	0.061010703	-0.81359583
GGTCATATCACATCCC-1	0.76755226	1.824272	-1.2699107	1.3178071	-1.8632531	0.31836313	-0.11700021	0.28358996	-0.41535228	-1.5169694	0.13181886	-0.88989097
GGTCATATCCGTCAAA-1	0.5105748	0.5301658	-0.7367157	0.46818843	-0.6726412	0.23788933	-0.2627025	0.47625405	-0.48705405	-0.51254284	0.32841468	-0.01431657
GGTGAAGAGTCTGTGT-1	0.05251407	-0.69667244	-0.0987209	-0.29144207	0.60362154	0.02342782	-0.23568696	0.39199844	0.0028691925	0.58744967	0.4708972	0.70336545
GGTGAAGTCACTACCC-1	0.73716336	1.8143849	-1.2565953	1.2860758	-1.839103	0.36537153	-0.12388386	0.2943982	-0.4084794	-1.559913	0.12834477	-0.8371252
GGTGTCGTCATGCTTT-1	-0.050798558	-0.80440104	0.024061285	-0.40953803	0.71830213	-0.036129586	-0.17709354	0.3304748	-0.023720317	0.61585987	0.44253466	0.8003774
GGTGTCGTCTTACGGA-1	-0.053206578	-0.5608735	0.07403621	-0.36146036	0.551786	0.049242623	-0.036615796	0.22099778	0.048387732	0.38994583	0.2722123	0.55354035
GGTGTCGTCTTCTCTC-1	-0.0123757925	-0.7111261	-0.033750765	-0.34934124	0.6428236	-0.042786956	-0.15955408	0.31612283	-0.014108188	0.5208943	0.41496608	0.674251
GGTTGCGAGACCTATC-1	-0.043297783	-0.68887097	0.024379909	-0.32293484	0.5944004	-0.04811704	-0.108282745	0.29073295	-0.028105	0.49474165	0.34690675	0.62746036
GTACTTTAGTGGGACT-1	0.047168717	-0.53563213	-0.10036603	-0.24087946	0.44799033	-0.012284989	-0.15317729	0.32774487	-0.04786072	0.35613093	0.39375767	0.55675477
GTAGACTAGTCTGGGA-1	0.015160421	-0.74705535	0.12640557	-0.25255948	0.5987707	0.02555838	-0.10487652	0.28405878	0.1068652	0.56179583	0.28038165	0.5943676
GTAGACTTCGCTCTAC-1	0.7775026	2.1207418	-1.3955238	1.4550638	-2.0795102	0.39506602	-0.08470858	0.28349885	-0.37235892	-1.7556006	0.17603841	-1.0174942
GTAGTACAGGGTGTTG-1	-0.022845952	-0.6434774	-0.034831934	-0.25353625	0.55871445	0.0005099699	-0.12475663	0.20569548	-0.017571911	0.41302127	0.3398843	0.52665174
GTAGTACCAAGTGGCA-1	0.6802123	1.844114	-1.1886117	1.2830048	-1.8315669	0.3576675	-0.053032074	0.25627488	-0.41898838	-1.5861479	0.062832974	-0.8825021
GTAGTACCAATGAAAC-1	0.52652085	0.5281626	-0.7526388	0.50747186	-0.7159931	0.23403864	-0.28533685	0.45574683	-0.48939002	-0.5149888	0.31816563	0.01942188
GTCACAATCGTTCCGT-1	0.62070763	1.4450103	-1.0442828	1.0204899	-1.4665512	0.29552293	-0.08369422	0.26397666	-0.38733986	-1.2372586	0.14464161	-0.61634797
GTCACGGCAGTCAGCC-1	0.00044199824	-0.73012555	0.113250054	-0.4301562	0.6740498	0.09677277	-0.21221067	0.3571871	0.093752995	0.61392933	0.35620677	0.6499896
GTCACTCGTAACCGAG-1	0.6150054	1.4025013	-0.99826676	1.0018892	-1.4647744	0.2637916	-0.117826305	0.20196481	-0.36527324	-1.2467964	0.1045937	-0.66297907
GTCCATCAGGCAAGCT-1	0.602944	1.4629627	-1.0443542	1.0396576	-1.4998077	0.2809964	-0.07845125	0.23899774	-0.32461345	-1.2319719	0.11578177	-0.65151215
GTCGTAATCTCGTAGA-1	0.82947415	2.040985	-1.4917177	1.4680808	-1.9987478	0.3118386	-0.27832538	0.31016022	0.03907239	-1.3071967	0.22930178	-1.0602739
GTGACATAGGATTAAC-1	0.77105385	1.8861328	-1.2827646	1.3484379	-1.8879232	0.33900613	-0.10887765	0.3271662	-0.34680933	-1.5815524	0.15457095	-0.84986365
GTGACATGTTCAGAAA-1	-0.08865576	-0.64840156	0.08023484	-0.36628658	0.64920515	-0.14723954	-0.013266759	0.20024098	-0.19846319	0.25946137	0.21402168	0.6488137
GTGACATTCTTACTCA-1	0.4994469	0.73177	-0.74073815	0.59655476	-0.82210606	0.23703529	-0.18858105	0.456019	-0.3799485	-0.6803171	0.31540114	-0.065838784
GTGATCAAGTTCGACT-1	0.7436737	2.0409577	-1.30053	1.435442	-1.9677929	0.42973062	-0.11615822	0.2588614	-0.33399102	-1.7473806	0.08144942	-0.9627885
GTGCTGGAGATCACCT-1	0.89582574	2.2996616	-1.5214571	1.6122229	-2.2141516	0.4108266	-0.12910146	0.20370968	-0.4631389	-1.9499547	0.13636446	-1.1853034
GTGGATTGTGAATACA-1	0.028504688	-0.75388765	-0.02175939	-0.34854743	0.7243337	-0.04901368	-0.15992202	0.3837819	-0.110522225	0.6170638	0.33019567	0.6501957
GTGGCGTAGTGTCACT-1	-0.010616275	-0.7095805	0.026831266	-0.35400045	0.6074275	-0.02604062	-0.15190522	0.31864303	-0.049367532	0.47099182	0.37947106	0.6456218
GTGGCGTGTAGAATAC-1	0.72041696	1.9239254	-1.2717834	1.3608705	-1.9063996	0.328969	-0.07887888	0.28402814	-0.40208343	-1.6883198	0.14546144	-0.8862092
GTGGCGTGTCTCGGGT-1	0.47269392	0.4710995	-0.6766908	0.45453107	-0.5871365	0.22696547	-0.26682943	0.44072035	-0.43231568	-0.45836347	0.30653697	0.02095621
GTGGCGTTCATCATGG-1	0.57743406	1.4758525	-1.0311173	1.0095516	-1.5122926	0.22226992	0.0020417413	0.18672068	-0.32921958	-1.2811433	0.10794664	-0.6762511
GTGTCCTAGATGCGCA-1	-0.04645087	-0.73596394	0.07327327	-0.32617098	0.65000683	-0.025264697	-0.09549221	0.23843174	-0.015236676	0.46873268	0.3346748	0.5882383
GTGTCCTCACGTGAAG-1	-0.051993996	-0.70869976	0.054627515	-0.30007938	0.56144667	-0.04201696	-0.055416383	0.25496867	-0.14722034	0.47244754	0.23071107	0.59412307
GTTACGAAGGGAGTTC-1	-0.038409367	-0.70178837	0.031142194	-0.32339257	0.5936291	-0.08859727	-0.12990516	0.30641755	-0.025617402	0.42767033	0.3940298	0.68248343
GTTACGACACCTCGTT-1	0.54757005	0.59611183	-0.7502254	0.52023244	-0.7530236	0.2511869	-0.27408051	0.52964485	-0.53101474	-0.56161344	0.31353706	-0.022545692
GTTATGGTCCTGTAGA-1	0.1255218	-0.68452567	-0.07732	-0.4439141	0.64174473	0.04325682	-0.3450805	0.46597946	-0.05374827	0.6517163	0.39003015	0.6831597
GTTCAAGAGTTAGCGG-1	-0.055752456	-0.80537605	0.04424449	-0.41544914	0.6367988	-0.04653284	-0.106957614	0.2907755	0.06855953	0.62433726	0.43009016	0.65184844
GTTGGTACACAAACGG-1	0.49554643	1.3157766	-1.02207	1.0240663	-1.4365004	0.3969906	-0.052016877	0.3075464	-0.42218164	-1.2454654	0.02991215	-0.66993994
TAAACCGTCGCGATGC-1	0.022486653	-0.70972484	-0.06326907	-0.42004555	0.5244751	0.016271116	-0.08280798	0.19304454	0.051754754	0.40109962	0.44296777	0.5238959
TAACGGTTCGCTAGTA-1	0.7216526	1.8699337	-1.2291545	1.3213893	-1.8564417	0.3333414	-0.08380722	0.2570656	-0.3455458	-1.5730846	0.1211633	-0.8148926
TAACTTCAGCGCATTT-1	0.5365057	0.5939525	-0.7331572	0.5517899	-0.72589284	0.2724804	-0.28528202	0.49758533	-0.520462	-0.5810413	0.3213555	-0.023018327
TAACTTCGTAAGGTCG-1	-0.09028896	-0.82873565	-0.010146357	-0.4226979	0.79075086	-0.072971545	-0.13889793	0.2884168	0.034266647	0.59281653	0.48918357	0.77706915
TAAGCCAGTTCGGGAA-1	-0.03103668	-0.68278545	0.035269603	-0.33790466	0.5949024	-0.054727696	-0.10089141	0.2503619	-0.052587245	0.44580546	0.3345341	0.5440361
TACAGCACACTCGGAC-1	0.70309776	1.8820802	-1.2475408	1.3167481	-1.8904872	0.35539111	-0.089275755	0.23965989	-0.35943368	-1.5519633	0.083459705	-0.8841638
TACATGGCAAGCGGTA-1	-0.01109571	-0.7004398	0.028237928	-0.34263337	0.603578	-0.029946942	-0.1389332	0.30236912	-0.046936184	0.45614564	0.35953525	0.625189
TACATGGGTACTAGAA-1	0.6085653	1.5737908	-1.0920643	1.1013588	-1.5492849	0.25725114	-0.0676471	0.26567057	-0.3756205	-1.3086609	0.13842118	-0.6828408
TACATGGTCGTTCAGA-1	0.6365692	1.7328635	-1.16445	1.2224267	-1.7698089	0.31303713	-0.0567758	0.27132407	-0.3545522	-1.4519649	0.064525396	-0.8288627
TACATTCAGACTAATG-1	0.7717206	1.8711503	-1.2820846	1.3707371	-1.840723	0.3659305	-0.17086317	0.34301716	-0.46799064	-1.6476799	0.15722492	-0.76757306
TACCCTGCACTGTCGG-1	0.00064671226	-0.67930007	0.0022267923	-0.32979187	0.57547146	-0.015421402	-0.1510464	0.299576	-0.028882908	0.43910164	0.37257028	0.617044
TACCCTGCATTGATGC-1	0.70910776	1.7945399	-1.2045467	1.2812812	-1.8022056	0.386542	-0.09853953	0.16469169	-0.39485866	-1.5559585	0.02358463	-0.86955035
TACCTATCACATATCG-1	-0.04002177	-0.8969892	0.050321076	-0.4725906	0.79029083	-0.07263159	-0.16148438	0.38414708	0.023266744	0.6747287	0.47436628	0.82305926
TACCTCGAGAGTGGAA-1	-0.033354007	-0.68801856	0.045453202	-0.31890938	0.60698014	-0.014400394	-0.09867346	0.2476182	-0.053669948	0.41627866	0.32971066	0.58849454
TACCTCGGTATCCTTT-1	0.034721613	-0.77997845	0.00022549927	-0.40489283	0.7283534	-0.0454455	-0.19925524	0.36578014	-0.028749995	0.5612478	0.44503188	0.73262924
TACGCAAGTGTGCGTC-1	0.6991024	1.9420333	-1.2459137	1.2877384	-1.9678401	0.35485467	-0.06395045	0.17252916	-0.4125927	-1.6143534	0.07175138	-0.9094172
TACGCCTTCCAATAGC-1	0.010424366	-0.5887907	-0.011279896	-0.3217827	0.52663684	-0.1054803	-0.0822536	0.253618	-0.08345442	0.38644576	0.36499634	0.5071244
TACGCCTTCCTGGGAC-1	0.7305072	1.7528274	-1.2262849	1.2718354	-1.7449005	0.3500536	-0.14316759	0.29370525	-0.3770155	-1.4726735	0.13036129	-0.7424103
TACGGATGTCAGCAAG-1	0.8561794	1.8705635	-1.2768503	1.4128287	-1.6259876	0.32028565	-0.3095832	0.14496389	-0.43723196	-1.5243187	-0.060972787	-0.9632229
TACTAGGAGATCGAGC-1	0.64685726	1.5828578	-1.1259568	1.1272833	-1.6191678	0.33721027	-0.08789584	0.24157535	-0.3610915	-1.3422916	0.14108285	-0.72453374
TACTCGCTCAAACCCA-1	-0.041151434	-0.7988953	0.16831373	-0.28684992	0.78927815	-0.07872916	-0.23848434	0.201771	0.14619432	0.81083405	0.32001013	0.8649632
TACTCGCTCGACTGGC-1	-0.006448349	-0.8543253	0.024823379	-0.4124464	0.7575346	-0.06708032	-0.21306454	0.35873124	0.022122476	0.63796926	0.43991265	0.78493
TACTCGCTCTTACGGA-1	0.73314303	1.7410393	-1.2064278	1.2380376	-1.8255166	0.3561205	-0.10061575	0.30303216	-0.39823636	-1.4415277	0.06282935	-0.82459575
TACTGCCAGCAGGACT-1	0.8071126	1.9821132	-1.3478076	1.4317611	-1.9848964	0.37793338	-0.13375351	0.27066097	-0.3847839	-1.6250274	0.13336323	-0.9792343
TACTGCCGTAGACGCA-1	-0.08325895	-0.7397971	0.042960502	-0.33833432	0.6534508	-0.10735276	-0.10642284	0.27887654	-0.07945316	0.43076128	0.3966711	0.6772958
TAGACTGCAAGTAACA-1	0.7688937	2.0786934	-1.3296697	1.4541214	-2.090608	0.45486096	-0.10842332	0.21708155	-0.4127403	-1.8587427	0.08370358	-0.99118906
TAGCACATCTAGCAAC-1	-0.051814437	-0.80694944	0.06518816	-0.41454226	0.7438095	-0.05026132	-0.14977635	0.29662576	-0.035478376	0.5815026	0.4154092	0.6923489
TAGCATGCATTCTCGC-1	0.77156174	1.9681865	-1.3035724	1.3727013	-1.9274774	0.33494446	-0.08861733	0.30583575	-0.40909788	-1.6296984	0.15549207	-0.9081916
TAGCCCTGTCTCGGGT-1	0.64190155	1.7049572	-1.1697681	1.1860926	-1.6869359	0.28594562	-0.067244194	0.2530842	-0.32922357	-1.4467093	0.15762213	-0.7509451
TAGCCCTTCGATATGC-1	0.6737796	1.7590092	-1.2013512	1.2667334	-1.7843608	0.35985723	-0.12033429	0.24291454	-0.36608016	-1.495509	0.106855735	-0.80533665
TAGCCGGCAGGATAGC-1	0.6929384	1.7119862	-1.2042044	1.2303989	-1.8513507	0.39611757	-0.121225186	0.25218332	-0.4789635	-1.4621938	0.118090875	-0.79120797
TAGCCGGTCGAGTTAC-1	0.2182869	-0.47392195	-0.11142745	-0.32520157	0.34152585	-0.12508096	-0.28981304	0.34725663	0.0068696737	0.49820486	0.41405427	0.78022045
TAGCGGCAGATGTTCC-1	0.85108554	1.8035514	-1.1786696	1.3030946	-1.7186697	0.47680157	-0.12735121	-0.0005014776	-0.15980531	-1.3215942	-0.06587836	-0.78310233
TAGCGGCTCTGGTACA-1	-0.013539372	-0.6499879	0.0019830242	-0.32742998	0.5983252	-0.029351592	-0.14125337	0.27853727	-0.026725354	0.4426644	0.36689898	0.6119059
TAGGAGGAGGACTAGC-1	-0.018321516	-0.6958067	-0.0038224533	-0.36187658	0.613344	-0.0076511465	-0.16480033	0.32595715	-0.03607811	0.47437254	0.3895355	0.6458555
TAGGTCAGTAGAATAC-1	-0.008104602	-0.81876284	0.035844844	-0.4434524	0.7501012	-0.047402404	-0.20649666	0.3481986	0.04044595	0.6629175	0.4417226	0.8029386
TAGTCCCGTAGTTTGC-1	-0.03390137	-0.8486311	-0.0011472479	-0.4349365	0.79374963	-0.075358786	-0.19139507	0.3261675	0.038401056	0.66090924	0.46867403	0.70533895
TAGTCCCTCGTATAGC-1	-0.0723738	-0.75544184	0.09057008	-0.3683385	0.68026006	-0.08354075	-0.087471865	0.26094562	-0.041768104	0.5098685	0.3234789	0.61252165
TAGTCCCTCTTGGCCT-1	0.022830235	-0.6791108	-0.09339223	-0.31590763	0.56668836	0.0008380525	-0.20624794	0.35983217	-0.022497859	0.51981616	0.4571536	0.666498
TATCGAGCACCCTTTG-1	0.026184011	-0.7723451	-0.08085368	-0.36700273	0.67203987	-0.018036325	-0.22544786	0.3641267	0.04385036	0.6337957	0.4680325	0.7579251
TATCTGTCATCGGCCA-1	0.539043	1.3605118	-1.0555934	1.0755607	-1.4354935	0.35558546	0.037868682	0.1566865	-0.38579836	-1.4620366	0.16869983	-0.6260627
TATCTGTTCTCTGCGT-1	0.73142093	1.901998	-1.2455684	1.3058989	-1.9179116	0.33508947	-0.06206872	0.15427056	-0.37244582	-1.6007534	0.037737083	-0.8850295
TATGTGGGTGTACGCC-1	-0.07137107	-0.75150424	-0.0805609	-0.36332563	0.73830605	0.030708628	-0.16007724	0.3334414	0.12335692	0.5963513	0.40787253	0.76380765
TCAAAGCCAGCTTACA-1	0.7481486	1.7777284	-1.2390847	1.3538479	-1.8296793	0.1587288	0.05391586	0.45772135	-0.6840596	-1.4208734	-0.06342343	-0.74518585
TCAAAGCGTTCCCGGA-1	0.78658235	1.9960134	-1.1776066	1.6523982	-1.9874165	0.63657403	-0.21983963	0.0040105325	-0.0040435754	-1.8508784	0.09833497	-1.1123087
TCAAGACGTCATGAGG-1	0.7625764	2.023639	-1.3983488	1.3553536	-2.0868292	0.3076591	-0.22406663	0.24386594	-0.39927483	-1.6220148	0.14881632	-0.83947074
TCACCACCAATGCCAT-1	0.5373386	0.5538776	-0.69686604	0.48074892	-0.6741589	0.24479349	-0.25644234	0.4598024	-0.51170254	-0.4937749	0.2769096	-0.0034208335
TCACCACTCGATGAAA-1	0.66636777	1.5963844	-1.0987135	1.1033058	-1.6023679	0.29391584	-0.03162185	0.2695712	-0.29719192	-1.3140857	0.1528912	-0.73810744
TCACCTGTCGGATAAA-1	0.68943256	1.8015095	-1.2021729	1.2446715	-1.8026011	0.35762748	-0.0459853	0.20781204	-0.3605656	-1.5012747	0.06701484	-0.85600364
TCACTCGCAGCAATGG-1	0.59015787	1.2560409	-0.98770756	0.946195	-1.3079046	0.29101083	-0.1282858	0.29799733	-0.3602174	-1.0906802	0.18314049	-0.48184076
TCAGGTAAGGAAGAAC-1	0.6902384	1.8158836	-1.3549969	1.2542778	-1.920044	0.50190204	-0.21818584	0.3602211	-0.5451438	-1.9283633	0.22759676	-1.0816776
TCAGTCCTCCCGATTC-1	0.69092786	1.7146395	-1.1237092	1.1841376	-1.7686118	0.27811453	-0.053833816	0.24433765	-0.4557576	-1.477519	0.05257782	-0.78649724
TCAGTTTTCAGTGTGT-1	-0.016536461	-0.69053614	0.027517121	-0.33662924	0.58960223	-0.035035424	-0.12651879	0.3030205	-0.067785256	0.44947076	0.36326185	0.60641
TCCAGAAAGTGTTCCA-1	0.91532123	1.8855183	-1.4330413	1.278461	-1.9575036	0.3770357	-0.20534989	0.16405843	-0.6547489	-1.4894515	0.17727205	-1.0817723
TCCAGAACATAGGCGA-1	-0.01368569	-0.81913924	0.01936825	-0.4233221	0.74759626	-0.05441316	-0.18606257	0.29975402	0.051680055	0.62797785	0.42655164	0.76556057
TCCAGAAGTTAACCAC-1	-0.06135183	-0.7907994	-0.1291495	-0.3262839	0.84022146	-0.022240456	-0.11531446	0.22703889	0.15728593	0.613976	0.5814017	0.71489614
TCCCACACAGTTACAC-1	-0.03551998	-0.6603494	-0.13362265	-0.36209098	0.6670965	0.08937404	-0.21999921	0.12536888	-0.03743708	0.5245621	0.46311736	0.43161026
TCCGACTGTAGTATCC-1	-0.01672444	-0.7240226	0.09280681	-0.38229376	0.6207003	-0.035197005	-0.123670615	0.29788756	-0.04537809	0.4922513	0.3207313	0.6402641
TCGATTTAGGGTCTGA-1	0.50014144	0.63242894	-0.7408002	0.4275453	-0.5954587	0.06521089	-0.30550975	0.6825119	-0.7892236	-0.73708004	0.2560718	0.11578326
TCGATTTCATTGAACC-1	-0.021498902	-0.59493846	-0.0059210286	-0.27888727	0.53394616	0.005487509	-0.11057614	0.20371616	-0.021025632	0.3496626	0.32090575	0.5405794
TCGATTTGTTTCCACC-1	-0.03932026	-0.80773824	0.03203921	-0.43672207	0.72228086	-0.086859964	-0.15694356	0.33874264	0.017200734	0.5806554	0.45283225	0.69845086
TCGCAGGAGTAATGTG-1	0.52392197	1.32647	-0.9755065	0.9806455	-1.3782245	0.27901936	-0.017237885	0.21122104	-0.22420412	-1.0813997	0.13963223	-0.6004738
TCGCAGGCAGTAACTC-1	0.7637066	1.9191579	-1.2801336	1.3660462	-1.9243159	0.38288933	-0.11604809	0.2676021	-0.36464378	-1.6151599	0.10296107	-0.8865721
TCGTTCGCAACGTACT-1	-0.04028292	-0.8110167	-0.0051583573	-0.41041845	0.75935566	-0.07687221	-0.20662269	0.3458649	0.03188688	0.63304454	0.47127056	0.77480483
TCGTTCGTCGACTCGG-1	-0.035618164	-0.78439057	-0.0076391622	-0.3778366	0.66795206	-0.0014456771	-0.17892621	0.32485345	-0.012666091	0.54204977	0.4427885	0.68842393
TCTCAGCTCTGAAAGA-1	0.85302895	1.7694227	-1.2598457	1.4389025	-1.593508	0.29908845	-0.16361897	0.13779695	-0.3883417	-1.3410289	0.08883907	-0.868272
TGAATCGGTGGTGGTA-1	-0.053804822	-0.9642441	0.07602328	-0.47651312	0.86033493	-0.027249634	-0.21650304	0.36323622	0.10360639	0.78039634	0.49210596	0.8717381
TGACTCCGTAGCGAGT-1	-0.08060269	-0.9123167	-0.063462146	-0.38861293	0.8691953	0.06095887	-0.29378772	0.3298354	0.18622625	0.6898892	0.55114096	0.88652194
TGACTCCTCTAGTCGA-1	0.5502324	1.7606338	-1.1548698	1.2683986	-1.6437615	0.24056502	-0.056415662	0.31086427	-0.3773261	-1.481714	-0.06655441	-0.77973795
TGAGCCGAGGAAGGTA-1	-0.017368456	-0.6438621	0.011225004	-0.28732625	0.58308136	-0.07630694	-0.11232839	0.28137463	-0.016773518	0.38096145	0.35648432	0.56277174
TGAGTCACACCACGAC-1	-0.0044254735	-0.6470043	-0.013422184	-0.29988644	0.5449461	-0.05599437	-0.114658915	0.2882459	-0.053727377	0.42851084	0.35666716	0.5802622
TGATGCAAGTCGTACT-1	-0.053775646	-0.6790158	-0.02029486	-0.34583896	0.6501673	-0.12636432	-0.26751024	0.34960234	-0.010927454	0.41405153	0.32852328	0.62394214
TGATGCACAATGTGCT-1	0.02710518	-0.8387822	0.12346348	-0.24633868	0.69505584	0.12435415	-0.1859126	0.16148435	-0.32226652	0.4305051	0.13825269	0.7011166
TGCATGACACAAGTGG-1	-0.1619314	-0.8505734	0.14397398	-0.2641121	0.5929899	-0.094180256	-0.09279251	0.36421067	-0.165731	0.46063396	0.27914372	0.62229115
TGCATGACAGTGCGAA-1	0.8293426	2.0716298	-1.3825878	1.4660653	-2.073367	0.3942227	-0.16322228	0.28932396	-0.41483492	-1.7097936	0.10330418	-0.9573514
TGCATTTCAAATTGAG-1	-0.02927809	-0.8166242	0.071433	-0.4222762	0.68362325	-0.02986169	-0.15936427	0.32701963	-0.059705704	0.52296877	0.39974996	0.68739337
TGCATTTGTAACATAG-1	-0.037085816	-0.7234668	0.050661094	-0.31371439	0.6238077	-0.030488346	-0.13979673	0.30295485	-0.07300727	0.44350004	0.35517958	0.6583878
TGCATTTGTTCAGAAA-1	0.83139545	1.8797065	-1.327575	1.3383986	-1.8160115	0.04068903	-0.2632115	0.24948671	-0.5421399	-1.6197283	0.21363172	-0.57368296
TGCCTGTGTAGTTTGC-1	0.5818618	1.3895868	-0.9842488	0.9655786	-1.463479	0.3229589	-0.09811916	0.23449102	-0.29549995	-1.1495978	0.10306752	-0.59613913
TGCCTGTGTCGCTACG-1	0.73950547	0.3274387	-0.72340864	0.40185812	-0.7670243	0.46669808	-0.46140367	0.35905528	-0.4178323	-0.41790226	0.43484458	-0.055972923
TGCTATTAGGTTGTGG-1	-0.046982683	-0.66299945	0.048344765	-0.3158467	0.74135864	-0.13891421	-0.10551432	0.23576131	-0.017538238	0.47173652	0.3966921	0.62671983
TGCTCACAGCCGCTGT-1	-0.012317369	-0.71825117	0.042782314	-0.37139612	0.61247677	-0.025040971	-0.14286308	0.30969095	-0.061574154	0.47224614	0.37572783	0.63250434
TGCTCACAGGAGACTC-1	0.7541708	1.763484	-1.2028767	1.328377	-1.7968673	0.41840318	-0.16709048	0.31189948	-0.36897492	-1.4887998	0.101258904	-0.7733706
TGCTCACAGGTTAGTA-1	0.057566546	-0.81503755	-0.091767706	-0.074482605	0.705518	0.27105713	-0.4632163	0.3183106	-0.045911662	0.68155456	0.24425197	0.69296914
TGCTCACCAAGTAATG-1	0.0143346535	-0.68893474	-0.010628514	-0.32394683	0.6090117	-0.04145716	-0.14836405	0.2862293	-0.027190562	0.48661503	0.39415538	0.6259446
TGCTCGTAGGTCTTTG-1	0.5476501	1.8834537	-1.0991545	1.1604596	-1.8241353	0.45886835	-0.10942372	0.40779078	-0.5657889	-1.4861039	0.06467084	-0.7829991
TGCTCGTCAACACGGA-1	0.8059721	1.9566671	-1.3132738	1.3853002	-1.9595988	0.39652896	-0.1332868	0.2881286	-0.4534572	-1.6844313	0.087449595	-0.9368113
TGCTTTAAGTAGCAAT-1	0.52858293	0.4690057	-0.64402723	0.5570911	-0.7944043	0.2769868	-0.25207564	0.5678951	-0.57424307	-0.39580703	0.07096459	0.083633885
TGCTTTACATGGTATC-1	0.5588754	0.69510967	-0.79832315	0.5950377	-0.81325257	0.26096636	-0.28655094	0.47509518	-0.48638	-0.62206876	0.30199963	-0.07614538
TGGAAGGAGCAGTAGC-1	0.6856631	0.95890903	-0.6699861	0.79102224	-1.1877992	0.58359414	-0.2816283	0.56871784	-0.5565346	-0.80915636	0.121911846	-0.36952996
TGGAAGGGTTGTATCG-1	0.78888166	2.0361273	-1.5150204	1.3478925	-2.0188127	0.296966	-0.16676117	0.2708251	-0.5106161	-1.5614605	0.23762986	-1.0143644
TGGAAGGTCTATGAGC-1	0.73449236	1.8502141	-1.2434844	1.2809746	-1.8576256	0.39031753	-0.09973176	0.25642312	-0.4022139	-1.567801	0.1259557	-0.90996397
TGGACATGTTCTACCC-1	0.83154213	2.005736	-1.2710528	1.5569755	-2.0071197	0.68398553	-0.24592718	0.33166847	-0.2982094	-1.6527596	0.13864183	-0.98839885
TGGCCTTAGCAACGGT-1	0.0017148182	-0.82453126	0.06254321	-0.40163025	0.71849334	-0.040961914	-0.18194665	0.31667313	0.008632246	0.621886	0.37496898	0.70260257
TGGTCAAGTTGAAGCG-1	0.6028597	1.5585624	-1.0625066	1.0619258	-1.6237327	0.24492888	-0.012374196	0.20528878	-0.3348416	-1.2850534	0.082419515	-0.67544615
TGGTCCTCATGTATCG-1	-0.030064052	-0.8586473	0.012778088	-0.4348989	0.77482104	-0.076200105	-0.18126704	0.3927414	0.04560231	0.6334325	0.510862	0.82204574
TGTAAGCCAAGTCCTA-1	-0.01175444	-0.78507364	0.059461392	-0.4102962	0.68864757	-0.08078636	-0.14902915	0.2846948	-0.083778426	0.51070917	0.37357625	0.6401455
TGTACAGAGACCCTAT-1	0.004180234	-0.705041	-0.033454522	-0.3435993	0.6096615	-0.027684437	-0.16863407	0.32979658	-0.023803946	0.49376088	0.41648954	0.6814945
TGTACAGGTGATAGAT-1	0.5939593	1.7120328	-1.149439	1.2208897	-1.768165	0.29833418	0.08426275	0.36033168	-0.33275685	-1.3651589	0.10392088	-0.8723908
TGTACGAGTCAACAGG-1	-0.01714067	-0.7444922	0.0040847883	-0.37824652	0.65690196	-0.04196421	-0.16019244	0.31030595	-0.0050108656	0.52813685	0.4212152	0.67747366
TGTACGATCGAGGTCC-1	0.920653	2.0021582	-1.4700438	1.5357248	-1.8574634	0.5641265	-0.2374017	0.49611646	-0.43412808	-1.7876648	0.2104891	-0.7256707
TGTAGCAAGATATGTG-1	0.0012947004	-0.8184326	0.031399593	-0.42217115	0.7362815	-0.054427262	-0.16888063	0.3423365	0.020115461	0.6234817	0.4370427	0.7305425
TTACCGCGTCGTAGTT-1	-0.034691177	-0.6293514	0.013667833	-0.28162032	0.5144602	-0.017642127	-0.07638151	0.271656	-0.04118729	0.37263218	0.32914263	0.5337979
TTACGGACAACTCCCT-1	0.018831596	-0.8224379	-0.056062542	-0.37034044	0.70801884	-0.20086733	-0.07892089	0.22092322	-0.13785683	0.5481886	0.3704679	0.6609913
TTACGGACATTTGTTC-1	0.6859623	1.6786532	-1.1673586	1.2095956	-1.6877526	0.33255994	-0.11765823	0.26223505	-0.3660463	-1.4103153	0.1258334	-0.75983965
TTACGTTTCGGTCGAC-1	0.038327523	-0.6383858	-0.10525449	-0.2785718	0.5398044	-0.018917564	-0.18986157	0.3592417	-0.04761083	0.4764624	0.41678175	0.6464463
TTACTCATCATGCTTT-1	0.56224734	1.6652871	-0.9967479	0.9788343	-1.4679915	0.25976604	-0.17072476	0.049540073	-0.13007767	-1.3903385	0.116050206	-0.7641471
TTACTCATCTTATCAC-1	0.04641071	-0.6907138	-0.09951263	-0.3116308	0.5915588	-0.003907483	-0.22109015	0.37414914	0.008100171	0.5119134	0.46349034	0.70094776
TTACTTGCAGCGCGTT-1	0.033284366	-0.68283874	-0.03424415	-0.33131376	0.60517126	-0.014396009	-0.20653637	0.34424594	-0.01836377	0.5144641	0.41890094	0.6864758
TTACTTGGTGCATCAT-1	0.06347541	-0.6203588	-0.119903065	-0.26752138	0.5216238	0.012003945	-0.2247021	0.38551253	-0.035947282	0.47512951	0.44701785	0.6519064
TTAGCTTGTATGTCCA-1	-0.052952096	-0.7520314	0.12394588	-0.43440762	0.6615142	-0.12842187	-0.06660044	0.3779442	0.029118832	0.43798614	0.42593914	0.6055973
TTAGGTGCACCGTTGG-1	-0.040284775	-0.696567	-0.013698019	-0.34834746	0.6236178	-0.04146733	-0.14545186	0.27688658	-0.05270024	0.45225963	0.36380497	0.621167
TTAGGTGGTTTAAGGA-1	0.048872896	-0.6873799	-0.10705576	-0.31452107	0.60084575	0.012974398	-0.2444537	0.39936006	-0.03328739	0.58376604	0.503845	0.67401975
TTATGTCCATTACTTC-1	-0.048205785	-0.6796472	0.03495547	-0.3234836	0.57317334	-0.060846955	-0.10188055	0.2924834	-0.054553267	0.40203914	0.3557917	0.5887141
TTATGTCTCCTCAAGA-1	0.49586546	0.53697675	-0.7568774	0.53069377	-0.7220474	0.32797942	-0.27252424	0.46542946	-0.50821364	-0.5979965	0.31722116	-0.001735162
TTCATCATCTGTCGGG-1	0.031612415	-0.8484592	0.22226295	-0.5048654	0.67870355	0.023639577	-0.13049078	0.38196477	0.12747219	0.3162732	0.40190327	0.5232082
TTCGATTCATCTCTCG-1	-0.05717148	-0.7374701	0.023528248	-0.33459395	0.6619976	-0.08399861	-0.11588721	0.24361742	-0.047423933	0.4373767	0.37848988	0.5810714
TTCGCGTGTACGAGAC-1	0.6570592	1.6239042	-1.1167276	1.1606866	-1.6539872	0.32416037	-0.05133627	0.18653631	-0.33313563	-1.3675039	0.08486578	-0.75764847
TTCGCGTGTGCATTCA-1	-0.023547376	-0.69121724	0.036823973	-0.32453984	0.62017184	-0.025062243	-0.12905979	0.28182408	-0.03865181	0.45339215	0.34975064	0.64360034
TTCGCGTGTTAGGCTT-1	0.50881577	0.55886275	-0.70697415	0.5307983	-0.71816105	0.29339838	-0.30078197	0.5057734	-0.4729435	-0.5691879	0.27219898	-0.009260919
TTCTAACGTGCGTTTA-1	0.60682726	0.73301256	-0.840221	0.6520208	-0.8696095	0.2876911	-0.3283549	0.5382679	-0.5371653	-0.6350215	0.34836486	-0.06595336
TTCTGTAGTTTAGGAA-1	0.6446139	1.7142811	-1.137349	1.2121083	-1.7519178	0.3222549	-0.08541842	0.25961182	-0.35581356	-1.436375	0.089792505	-0.7594734
TTGACGACATCGCTAA-1	0.58567786	0.63469774	-0.75175035	0.60283965	-0.7834514	0.2833541	-0.29452592	0.49984744	-0.4687657	-0.55092305	0.27689368	-0.029590856
TTGACGATCGGCATAT-1	-0.028605802	-0.6938314	0.029703729	-0.3165729	0.58861303	-0.043050524	-0.10336558	0.2604426	-0.059032317	0.38550088	0.3422884	0.5886648
TTGAGCAGTCTCTGGG-1	0.74095595	1.9469337	-1.3241409	1.3785715	-1.8770744	0.34062287	-0.09144402	0.24079552	-0.340043	-1.6642348	0.1250552	-0.8703717
TTGAGTGTCTTGTACT-1	0.80350435	1.7372802	-1.2398471	1.2703319	-1.6857592	0.35751325	-0.20130941	0.4032259	-0.46150324	-1.5303936	0.2006442	-0.69304824
TTGCACCAGATATGTG-1	0.45905966	1.1363759	-0.9092373	0.7804882	-1.1688551	0.20168766	-0.04814932	0.19441302	-0.3150254	-0.97229743	0.1262643	-0.47642365
TTGCAGAAGCATGATA-1	-0.027313782	-0.80731297	-0.00835447	-0.3969695	0.7059276	-0.057680875	-0.19152296	0.3825446	-0.0029520504	0.6003665	0.45818686	0.7730031
TTGCCCACAAGGTTCT-1	-0.046242297	-0.7448015	0.0020524934	-0.37011474	0.68253326	-0.027555143	-0.13378833	0.25720456	0.008492898	0.5232673	0.38979644	0.6467716
TTGCGAAGTAGCATGG-1	-0.009275161	-0.7991019	0.00917419	-0.40259978	0.7239845	-0.062462144	-0.18314499	0.36041206	0.014634129	0.62187976	0.45635256	0.75626224
TTGCGAATCCAGAATC-1	-0.057345524	-0.89889336	0.067759015	-0.4447902	0.7698725	-0.048599705	-0.15778394	0.34122428	0.075170174	0.66215825	0.43331173	0.74456584
TTGCGGGAGTTCGCGC-1	0.69004184	0.89871055	-0.9690489	0.5397453	-1.0673124	0.3460935	-0.3960716	0.48870766	-0.43114793	-0.73095965	0.45872703	-0.3351864
TTGCGGGCAGTAACTC-1	0.4318231	0.4145884	-0.6470357	0.410475	-0.52101463	0.19265915	-0.24358134	0.44086403	-0.41388777	-0.4058291	0.31777218	0.06003041
TTGGTCCAGCAGGACT-1	0.007154693	-0.62700206	0.075450584	-0.29748163	0.5589288	-0.1086443	-0.08712212	0.39426035	0.076222375	0.5819285	0.36851647	0.672148
TTGGTCCGTACGTATC-1	0.6126262	1.6244167	-1.1455296	1.1102834	-1.6843013	0.26728463	-0.020179138	0.28287905	-0.41486222	-1.3589544	0.114579864	-0.7032991
TTGTTGTAGTGAGCAC-1	0.8245524	1.9954845	-1.3597462	1.4886379	-2.0196977	0.42310596	-0.17624635	0.3236464	-0.3739844	-1.6774956	0.07801266	-0.9412026
TTTGCGCAGTCTCCAA-1	0.16577613	-0.26069576	-0.23844674	-0.05975498	0.17354223	0.03128226	-0.19835582	0.389587	-0.07918927	0.17577103	0.35515124	0.46479565
TTTGCGCGTTAACTCG-1	-0.05209659	-0.82795817	0.08466622	-0.4511352	0.7463104	-0.064541705	-0.17058392	0.3042506	0.054178547	0.6180771	0.39181286	0.74194205
TTTGCGCGTTCTACCC-1	0.79622644	1.9318415	-1.2986088	1.3997368	-1.9341218	0.3821082	-0.16458423	0.34229943	-0.38101712	-1.6233152	0.12024598	-0.86752695
TTTGGCCAGATCTAAG-1	0.7857905	1.9071267	-1.2768826	1.4116768	-1.863862	0.39894852	-0.13116348	0.25871992	-0.32027966	-1.6473066	0.10327457	-0.8783553
TTTGGCCAGTACAGAT-1	0.7076136	1.8008132	-1.2210749	1.2812706	-1.7937592	0.32815692	-0.094933964	0.2861958	-0.37145156	-1.4834132	0.096180275	-0.81447685
TTTGGCCAGTGCTCGC-1	-0.025181187	-0.6987766	-0.047221206	-0.24924214	0.6447159	0.034629233	-0.14882286	0.24064142	-0.035656385	0.52113754	0.27339816	0.6357443
TTTGGCCGTCCCGTGA-1	0.7186469	1.8141842	-1.2539016	1.3384012	-1.8456541	0.3968134	-0.14722647	0.252769	-0.37698138	-1.5746086	0.08103287	-0.8170258
TTTGGTTCAGAGATGC-1	0.7071083	0.9218808	-0.9885834	0.7927551	-1.0173724	0.37163466	-0.3535828	0.50759524	-0.5241694	-0.8253229	0.31336924	-0.14832106
